x,y,time_series_id,monitoring_location_id,parameter_code,statistic_id,time,value,unit_of_measure,approval_status,qualifier,last_modified
-106.08789444444444,40.27823055555555,a8eaa547d91f44cd963a14b560ae80c3,USGS-401642106051601,00045,00006,2022-09-13,0.00,in,Approved,,2026-01-15 00:10:39.578597+00:00
-131.3389167107,55.6146473658127,47ae78b7483b413d96061a058f0015c4,USGS-15070000,00060,00003,1949-11-03,940,ft^3/s,Approved,,2025-07-05 08:18:16.429836+00:00
-79.4938888888889,35.0611111111111,2600f1c3a63047e58b001a6879993987,USGS-02133500,00060,00001,1991-08-06,238,ft^3/s,Approved,,2025-07-04 00:18:15.191060+00:00
-72.55312768493529,41.54165281366759,3a98ca50c6494a7fa2c98edbae5c9fb5,USGS-01193050,00095,00003,2017-01-20,192,uS/cm,Approved,,2025-07-03 18:56:18.293169+00:00
-95.8099497723166,30.3538180451288,61f0e804f46046209e493a074afe64dc,USGS-08067700,00060,00003,1965-08-29,0.00,ft^3/s,Approved,,2025-07-04 18:57:48.013062+00:00
-79.3725353377293,39.8275767388252,8968f2ea57a44a7e8b9269dcd1f3aa9f,USGS-03081000,00300,00001,2007-12-01,10.8,mg/l,Approved,,2025-04-11 04:59:02.642012+00:00
-96.8219463868768,32.7748517183903,46a756f74cac4065a65bafe86190e163,USGS-08057000,63680,00002,2017-02-26,40.9,_FNU,Approved,,2025-07-04 18:36:25.087828+00:00
-84.07,34.1325,97a705ff64a148bda3c2ecdc84f90ff5,USGS-02334480,63680,00003,2002-09-17,22.2,_FNU,Approved,,2025-07-04 04:16:23.611151+00:00
-123.959091684903,48.0442513304281,ac440c6b1bbe498d85a313d0fe2f5307,USGS-12041500,00060,00003,1937-04-12,682,ft^3/s,Approved,,2025-07-05 05:36:20.163485+00:00
-116.925278,44.042222,1fc12c3097234a41a4adfc0745997646,USGS-13251000,00060,00003,2018-08-25,1260,ft^3/s,Approved,,2025-03-11 02:41:18.734415+00:00
