x,y,id,monitoring_location_id,field_visit_id,measurement_number,time,channel_name,channel_flow,channel_flow_unit,channel_width,channel_width_unit,channel_area,channel_area_unit,channel_velocity,channel_velocity_unit,channel_location_distance,channel_location_distance_unit,channel_stability,channel_material,channel_evenness,horizontal_velocity_description,vertical_velocity_description,longitudinal_velocity_description,measurement_type,last_modified,channel_measurement_type,channel_location_direction
-105.89790277777779,33.144888888888886,00000990-ed8b-4c54-acf9-c1f6d9da5762,USGS-08481500,509f7122-229a-dc99-e053-0100007fdd37,948,2013-08-28 20:22:00+00:00,main,11.3,ft^3/s,10.0,ft,5.03,ft^2,2.25,ft/s,100.00,ft,Firm,Gravel,Even,Even,Unknown,Unknown,Wading,2026-09-12 02:13:20.625613+00:00,point_velocity,Upstream
-74.909619143812,43.7514556238373,00000b34-1004-4976-8ccd-68e6873695a9,USGS-04253775,464357d4-3519-0661-e053-0100007fe647,5,1989-02-01 14:25:00+00:00,Imported Channel 1,0.36,ft^3/s,3.50,ft,0.85,ft^2,0.42,ft/s,,,Unspecified,Unspecified,Unspecified,Unspecified,Unspecified,Unknown,Wading,2026-07-26 02:55:26.203779+00:00,point_velocity,Unspecified
-96.2429166666667,42.0078333333333,00001430-3da5-4ad1-b597-8187e68e573c,USGS-06601200,4e66414f-52db-3881-e053-0100007f3a9d,42,1956-10-22 15:40:00+00:00,Imported Channel 1,18800,ft^3/s,510,ft,6610,ft^2,2.84,ft/s,,,Unspecified,Unspecified,Unspecified,Unspecified,Unspecified,Unknown,BridgeCrane,2026-09-28 20:35:35.874534+00:00,point_velocity,Unspecified
-82.1290081834949,33.4431934844403,0000145b-3cf1-4437-a08b-7971a76717ff,USGS-02196820,4c4ee7ea-542b-b9fa-e053-0100007f2682,117,1981-04-08 05:00:00+00:00,Imported Channel 1,5.71,ft^3/s,10.3,ft,8.90,ft^2,0.64,ft/s,,,Unspecified,Unspecified,Unspecified,Unspecified,Unspecified,Unknown,Wading,2026-07-18 02:03:01.567438+00:00,point_velocity,Unspecified
-111.66,43.6125,00001f5f-96a9-454a-9657-0de856cd0248,USGS-13037500,4b1a9a80-61a6-9a7f-e053-0100007f14f5,519,1949-05-26 07:00:00+00:00,Imported Channel 1,14500,ft^3/s,,,,,,,,ft,Unspecified,Unspecified,Unspecified,Unspecified,Unspecified,Unknown,Unspecified,2026-09-28 20:45:34.705445+00:00,other_method,Unspecified
-92.63293049607,32.9293064115234,0000201b-e49f-419a-af22-20e55b719890,USGS-07366200,46e167ae-2b8d-83ab-e053-0100007fea7a,275,1978-08-17 05:00:00+00:00,Imported Channel 1,2.01,ft^3/s,7.20,ft,2.29,ft^2,0.88,ft/s,,,Unspecified,Unspecified,Unspecified,Unspecified,Unspecified,Unknown,Wading,2026-09-14 21:20:26.112079+00:00,point_velocity,Unspecified
-83.71600474295,35.4773122254459,00002177-fbe4-44ef-88a4-9cc1275c54e3,USGS-03514000,4d59e848-385b-b4d5-e053-0100007f808f,115,1952-06-24 05:00:00+00:00,Imported Channel 1,60.6,ft^3/s,,,,,,,,,Unspecified,Unspecified,Unspecified,Unspecified,Unspecified,Unknown,Unspecified,2026-07-18 02:22:29.640750+00:00,point_velocity,Unspecified
-118.861258073546,39.0124202422679,00002739-57fd-4161-b0b3-65fcb1f5581c,USGS-10301755,51b32e4b-285a-8d0c-e053-0100007f5740,315,2017-05-16 15:05:30+00:00,main,42.0,ft^3/s,8.25,ft,12.5,ft^2,3.36,ft/s,10.00,ft,Firm,BedrockLedgeArtificial,Even,Even,Unknown,Unknown,Wading,2026-09-17 18:05:48.449889+00:00,point_velocity,Upstream
-80.8683333333333,35.2402777777778,000027c2-14ad-43bd-a34d-4533d2402671,USGS-0214627970,4d5943f1-e655-6843-e053-0100007f1dc3,66,2009-08-04 13:46:30+00:00,Imported Channel 1,5.55,ft^3/s,21.5,ft,16.8,ft^2,0.33,ft/s,,,Unspecified,Unspecified,Unspecified,Unspecified,Unspecified,Unknown,Wading,2026-09-28 15:25:46.382853+00:00,point_velocity,Unspecified
-97.1142529734484,47.2916463828648,00002833-edf5-44ad-9b7c-031e91e0a4d4,USGS-05062200,4f6aee9d-ec11-6e55-e053-0100007f843a,2,1956-04-21 06:00:00+00:00,Imported Channel 1,57.2,ft^3/s,,,,,,,,ft,Unspecified,Unspecified,Unspecified,Unspecified,Unspecified,Unknown,Unspecified,2026-07-11 02:03:25.738943+00:00,other_method,Unspecified
