x,y,id,reading_type,monitoring_location_id,parameter_code,parameter_name,parameter_description,begin,end,last_modified,sublocation_identifier
-73.72994444444444,43.20838888888889,00000438-86c8-4c9c-9183-6ac2bebffea5,ReferencePrimary,USGS-431230073434801,62611,"Elevation, GW, NAVD88","Groundwater level above NAVD 1988, feet",2011-05-14 17:00:00+00:00,2011-05-14 17:00:00+00:00,2026-07-26 07:53:26.111809+00:00,
-90.5490271209258,44.6185733082524,00000a39-c588-49a1-9422-3df66c980394,ReferencePrimary,USGS-443707090325601,62611,"Elevation, GW, NAVD88","Groundwater level above NAVD 1988, feet",1959-08-26 12:00:00+00:00,1959-08-26 12:00:00+00:00,2026-08-01 04:41:29.907641+00:00,
-71.5647880834237,42.4187040371304,00001437-16cb-4b3d-8bad-64ad8a499959,ReferencePrimary,USGS-422507071335501,62610,"Elevation, GW, NGVD29","Groundwater level above NGVD 1929, feet",1957-01-01 12:00:00+00:00,1957-01-01 12:00:00+00:00,2026-07-19 05:13:56.716546+00:00,
-116.375833333333,43.7069444444444,0000144c-ff3c-4f70-a4b8-029dd3014b39,ReferencePrimary,USGS-434224116223501,72019,"Water level, depth LSD","Depth to water level, feet below land surface",2009-09-24 15:50:00+00:00,2009-09-24 15:50:00+00:00,2026-08-02 05:06:34.782278+00:00,
-99.2195446308295,43.9730492954057,00001619-f7e7-4b1f-9a50-7608162a4642,ReferencePrimary,USGS-435823099130901,72019,"Water level, depth LSD","Depth to water level, feet below land surface",1967-06-05 12:00:00+00:00,1967-06-05 12:00:00+00:00,2026-07-11 04:09:03.118030+00:00,
-90.6806459492006,30.0513127093037,00001c34-4bdc-4374-9bfc-2f27b22973f1,ReferencePrimary,USGS-300304090405001,62610,"Elevation, GW, NGVD29","Groundwater level above NGVD 1929, feet",1962-07-29 12:00:00+00:00,1962-07-29 12:00:00+00:00,2026-07-12 02:40:09.141606+00:00,
-93.1743921173494,45.2296881478215,00002086-91c0-46b0-921f-ea834ed1f5a3,ReferencePrimary,MN040-451347093102701,72019,"Water level, depth LSD","Depth to water level, feet below land surface",1977-11-25 12:00:00+00:00,1977-11-25 12:00:00+00:00,2026-08-01 09:39:33.143095+00:00,
-71.2059029426124,43.8159080044667,00002c51-967b-4294-a85c-0cb20ef6707b,ReferencePrimary,USGS-434857071122301,62611,"Elevation, GW, NAVD88","Groundwater level above NAVD 1988, feet",1985-07-16 12:00:00+00:00,1985-07-16 12:00:00+00:00,2026-07-19 04:33:23.654601+00:00,
-88.5433776029535,33.8328915515717,00002d33-3c11-44cd-9bd2-5ed5a21b498a,ReferencePrimary,USGS-334958088323601,72019,"Water level, depth LSD","Depth to water level, feet below land surface",1977-02-15 12:00:00+00:00,1991-11-07 12:00:00+00:00,2026-07-12 10:56:43.269487+00:00,
-95.49224568700993,46.366640338810804,00002e25-d90b-4c29-b569-e53d05d2dd62,ReferencePrimary,MN040-462200095293101,62610,"Elevation, GW, NGVD29","Groundwater level above NGVD 1929, feet",1981-09-18 12:00:00+00:00,1981-09-18 12:00:00+00:00,2026-08-01 14:34:49.045983+00:00,
