x,y,time_series_id,monitoring_location_id,parameter_code,statistic_id,time,value,unit_of_measure,approval_status,qualifier,last_modified,method_category
-112.13859444444445,40.780852777777774,00009b3da7e44a96a283bc413ff2de48,USGS-10172640,00060,00011,2025-09-30 04:00:00+00:00,103,ft^3/s,Approved,,2026-03-16 17:47:57.805796+00:00,
-112.13859444444445,40.780852777777774,00009b3da7e44a96a283bc413ff2de48,USGS-10172640,00060,00011,2025-09-30 04:15:00+00:00,103,ft^3/s,Approved,,2026-03-16 17:47:57.805796+00:00,
-112.13859444444445,40.780852777777774,00009b3da7e44a96a283bc413ff2de48,USGS-10172640,00060,00011,2025-09-30 04:30:00+00:00,103,ft^3/s,Approved,,2026-03-16 17:47:57.805796+00:00,
-112.13859444444445,40.780852777777774,00009b3da7e44a96a283bc413ff2de48,USGS-10172640,00060,00011,2025-09-30 04:45:00+00:00,102,ft^3/s,Approved,,2026-03-16 17:47:57.805796+00:00,
-112.13859444444445,40.780852777777774,00009b3da7e44a96a283bc413ff2de48,USGS-10172640,00060,00011,2025-09-30 05:00:00+00:00,102,ft^3/s,Approved,,2026-03-16 17:47:57.805796+00:00,
-112.13859444444445,40.780852777777774,00009b3da7e44a96a283bc413ff2de48,USGS-10172640,00060,00011,2025-09-30 05:15:00+00:00,102,ft^3/s,Approved,,2026-03-16 17:47:57.805796+00:00,
-112.13859444444445,40.780852777777774,00009b3da7e44a96a283bc413ff2de48,USGS-10172640,00060,00011,2025-09-30 05:30:00+00:00,102,ft^3/s,Approved,,2026-03-16 17:47:57.805796+00:00,
-112.13859444444445,40.780852777777774,00009b3da7e44a96a283bc413ff2de48,USGS-10172640,00060,00011,2025-09-30 05:45:00+00:00,102,ft^3/s,Approved,,2026-03-16 17:47:57.805796+00:00,
-112.13859444444445,40.780852777777774,00009b3da7e44a96a283bc413ff2de48,USGS-10172640,00060,00011,2025-09-30 06:00:00+00:00,102,ft^3/s,Approved,,2026-03-16 17:47:57.805796+00:00,
-112.13859444444445,40.780852777777774,00009b3da7e44a96a283bc413ff2de48,USGS-10172640,00060,00011,2025-09-30 06:15:00+00:00,102,ft^3/s,Approved,,2026-03-16 17:47:57.805796+00:00,
