x,y,id,unit_of_measure,parameter_name,parameter_code,statistic_id,last_modified,begin,end,computation_period_identifier,computation_identifier,thresholds,sublocation_identifier,primary,monitoring_location_id,web_description,parameter_description,parent_time_series_id,data_gap_interval,statistics_begin
-74.5836111111111,40.9177777777778,000068b2a47b45708c656bcff5264f54,degC,"Temperature, water",00010,00002,2017-05-07 20:53:29.551297,1983-11-03 05:00:00+00:00,1985-04-16 05:00:00+00:00,Daily,Min,[],,Primary,USGS-01379790,,"Temperature, water, degrees Celsius",,,
-112.13859444444445,40.780852777777774,00009b3da7e44a96a283bc413ff2de48,ft^3/s,Discharge,00060,00011,2026-09-29 10:10:07.022968,2006-05-18 12:00:00+00:00,2026-09-29 16:00:00+00:00,Points,Instantaneous,[],,Primary,USGS-10172640,,"Discharge, cubic feet per second",769d7201a8044b4ab5218bac4cd282e8,1:12:00,
-67.8813888888889,46.105,0000cad393b040af82fd418466fc76cd,ft^3/s,Discharge,00060,00011,2026-09-29 06:50:09.588863,2003-10-01 09:00:00+00:00,2026-09-29 10:45:00+00:00,Points,Instantaneous,"[{'Name': '2 Year Peak Flow *', 'Type': 'None', 'Periods': [{'EndTime': '9999-12-31T23:59:59.9999999+00:00', 'StartTime': '2020-10-01T00:00:00.0000000-05:00', 'AppliedTime': '2021-01-22T14:07:52.3815962Z', 'SuppressData': False, 'ReferenceValue': 2320}], 'Severity': 0, 'Description': 'Display reference value', 'DisplayColor': '#990600', 'ReferenceCode': 'NWISWeb ref level - Public', 'ProcessingOrder': 'Suppression'}, {'Name': '10 Year Peak Flow *', 'Type': 'None', 'Periods': [{'EndTime': '9999-12-31T23:59:59.9999999+00:00', 'StartTime': '2020-10-01T00:00:00.0000000-05:00', 'AppliedTime': '2021-01-22T14:08:12.3076592Z', 'SuppressData': False, 'ReferenceValue': 3580}], 'Severity': 0, 'Description': 'Display reference value', 'DisplayColor': '#990600', 'ReferenceCode': 'NWISWeb ref level - Public', 'ProcessingOrder': 'Suppression'}, {'Name': '50 Year Peak Flow *', 'Type': 'None', 'Periods': [{'EndTime': '9999-12-31T23:59:59.9999999+00:00', 'StartTime': '2020-10-01T00:00:00.0000000-05:00', 'AppliedTime': '2021-01-22T14:08:33.0016344Z', 'SuppressData': False, 'ReferenceValue': 4720}], 'Severity': 0, 'Description': 'Display reference value', 'DisplayColor': '#990600', 'ReferenceCode': 'NWISWeb ref level - Public', 'ProcessingOrder': 'Suppression'}, {'Name': '100 Year Peak Flow *', 'Type': 'None', 'Periods': [{'EndTime': '9999-12-31T23:59:59.9999999+00:00', 'StartTime': '2020-10-01T00:00:00.0000000-05:00', 'AppliedTime': '2021-01-22T14:08:57.0907346Z', 'SuppressData': False, 'ReferenceValue': 5210}], 'Severity': 0, 'Description': 'Display reference value', 'DisplayColor': '#990600', 'ReferenceCode': 'NWISWeb ref level - Public', 'ProcessingOrder': 'Suppression'}, {'Name': 'No discharging < 15 cfs for Tate & Lyle (call if < 20 cfs)', 'Type': 'None', 'Periods': [{'EndTime': '9999-12-31T23:59:59.9999999+00:00', 'Comments': 'Call Tate & Lyle if <20 cfs', 'StartTime': '2015-10-19T00:00:00.0000000-05:00', 'AppliedTime': '0001-01-01T00:00:00Z', 'SuppressData': False, 'ReferenceValue': 20, 'SecondaryReferenceValue': 25}], 'Severity': 0, 'Description': 'NWISWeb reference line displayed to USGS level users', 'DisplayColor': '#00CCFF', 'ReferenceCode': 'NWISWeb ref level - USGS', 'ProcessingOrder': 'Suppression'}]",,Primary,USGS-01017960,,"Discharge, cubic feet per second",4708257602b446b1b3efaf42197a80f3,2:00:00,2003
-84.9723888888889,38.77525,00011cb2ffa14f01ae22886ace3d5da9,uS/cm,Specific cond at 25C,00095,00001,2017-10-14 18:50:59.438311,2011-02-12 05:00:00+00:00,2015-11-02 05:00:00+00:00,Daily,Max,[],Downstream Lock Side,Primary,USGS-03277200,,"Specific conductance, water, unfiltered, microsiemens per centimeter at 25 degrees Celsius",,,
-106.670927777778,35.0279277777778,000179819a984a43ab09149759af57c6,degF,"Temperature, water",00011,00011,2017-05-28 21:12:45.591215,2010-05-18 12:00:00+00:00,2011-09-26 11:00:00+00:00,Points,Instantaneous,[],,Primary,USGS-350138106401104,,"Temperature, water, degrees Fahrenheit",,1:12:00,
-155.7280520013026,19.86667611965882,00019bc6bc6146e18320f87378606519,ft,Gage height,00065,,2019-06-19 17:36:08.802107,1963-01-16 10:00:00+00:00,1997-01-01 10:00:00+00:00,Water Year,Max At Event Time,[],,Primary,USGS-16759080,,"Gage height, feet",,,
-93.5157294738185,31.3071273652596,0001b4c983f34d6796fdb39145740404,ft^3/s,Discharge,00060,00003,2026-09-29 06:33:28.001219,1955-10-01 05:00:00+00:00,2026-09-27 05:00:00+00:00,Daily,Mean,[],,Primary,USGS-08025500,,"Discharge, cubic feet per second",0a2e8855b48f4b2d8bb6c69f4f8ef7bb,,
-88.4241666666667,34.2549722222222,0001c2bd82ab4713aca2753b1a80712c,ft,Gage height,00065,00011,2026-09-29 08:49:00.876845,2023-01-02 06:00:00+00:00,2026-09-29 13:30:00+00:00,Points,Instantaneous,"[{'Name': 'upper limit', 'Type': 'ThresholdAbove', 'Periods': [{'EndTime': '9999-12-31T23:59:59.9999999+00:00', 'StartTime': '0001-01-01T00:00:00.0000000+00:00', 'AppliedTime': '2017-09-06T13:51:18.9943235Z', 'SuppressData': True, 'ReferenceValue': 275}], 'Severity': 0, 'Description': 'Unspecified threshold value', 'DisplayColor': '#990600', 'ReferenceCode': 'AQUARIUS only', 'ProcessingOrder': 'Suppression'}, {'Name': 'lower limit', 'Type': 'ThresholdBelow', 'Periods': [{'EndTime': '9999-12-31T23:59:59.9999999+00:00', 'StartTime': '0001-01-01T00:00:00.0000000+00:00', 'AppliedTime': '2017-09-06T13:50:34.3252767Z', 'SuppressData': True, 'ReferenceValue': 269.5}], 'Severity': 0, 'Description': 'Unspecified threshold value', 'DisplayColor': '#990600', 'ReferenceCode': 'AQUARIUS only', 'ProcessingOrder': 'Suppression'}]",Headwater,Primary,USGS-02431011,,"Gage height, feet",,,
-92.2612495161081,32.4932017390148,0001c934c87544838a53cb012fb8f1c6,ft^3/s,Discharge,00060,,2019-06-20 11:04:48.243216,1954-05-13 05:00:00+00:00,1982-12-27 06:00:00+00:00,Water Year,Max At Event Time,[],,Primary,USGS-07367300,,"Discharge, cubic feet per second",,,
-115.074280555556,36.2286416666667,0001de6b28634f478d714ed9021f26be,ft^3/s,Discharge,00060,00003,2021-08-27 18:58:18.094579,1988-01-26 08:00:00+00:00,2020-06-30 07:00:00+00:00,Daily,Mean,[],,Primary,USGS-09419659,,"Discharge, cubic feet per second",981b1a73ac5347ccad28efdb77e0ef50,,
