x,y,id,agency_code,agency_name,monitoring_location_number,monitoring_location_name,district_code,country_code,country_name,state_code,state_name,county_code,county_name,minor_civil_division_code,site_type_code,site_type,hydrologic_unit_code,basin_code,altitude,altitude_accuracy,altitude_method_code,altitude_method_name,vertical_datum,vertical_datum_name,horizontal_positional_accuracy_code,horizontal_positional_accuracy,horizontal_position_method_code,horizontal_position_method_name,original_horizontal_datum,original_horizontal_datum_name,drainage_area,contributing_drainage_area,time_zone_abbreviation,uses_daylight_savings,construction_date,aquifer_code,national_aquifer_code,aquifer_type_code,well_constructed_depth,hole_constructed_depth,depth_source_code,revision_note,revision_created,revision_modified
-91.1085,33.1960222222222,AR008-331103091063001,AR008,Arkansas Natural Resources Commission,331103091063001,17S01E28BB1 CH-94-K WU,05,US,United States of America,05,Arkansas,017,Chicot County,92913,GW,Well,080500020401,,119,1.6,N,Interpolated from Digital Elevation Model,NAVD88,North American Vertical Datum of 1988,1,Accurate to + or - .1 sec (Differentially-Corrected GPS).,G,Mapping grade GPS unit (handheld accuracy range 12 to 40 ft),NAD83,North American Datum of 1983,,,CST,Y,,110ALVM,N100MSRVVL,U,80,,S,,,
-91.1969333333333,33.3169611111111,AR008-331856091114601,AR008,Arkansas Natural Resources Commission,331856091114601,16S01W10CC1 CH-32 WU,05,US,United States of America,05,Arkansas,017,Chicot County,90666,GW,Well,080500020302,,124,1.6,N,Interpolated from Digital Elevation Model,NAVD88,North American Vertical Datum of 1988,1,Accurate to + or - .1 sec (Differentially-Corrected GPS).,G,"Global positioning system (GPS), Standard Positioning Service (SPS) or Precise Positioning Service (PPS)",NAD83,North American Datum of 1983,,,CST,Y,,,,,80,,,,,
-91.3371722222222,33.81925,AR008-334909091201501,AR008,Arkansas Natural Resources Commission,334909091201501,10S02W19BC1 DE-12 WU,05,US,United States of America,05,Arkansas,041,Desha County,93132,GW,Well,080500020201,,155,1.6,N,Interpolated from Digital Elevation Model,NAVD88,North American Vertical Datum of 1988,1,Accurate to + or - .1 sec (Differentially-Corrected GPS).,G,Mapping grade GPS unit (handheld accuracy range 12 to 40 ft),NAD83,North American Datum of 1983,,,CST,Y,,,,,100,,O,,,
-91.2597222222222,33.8267472222222,AR008-334933091153501,AR008,Arkansas Natural Resources Commission,334933091153501,10S02W14DC1 DE-7 WU,05,US,United States of America,05,Arkansas,041,Desha County,93063,GW,Well,080500020104,,151,1.6,N,Interpolated from Digital Elevation Model,NAVD88,North American Vertical Datum of 1988,1,Accurate to + or - .1 sec (Differentially-Corrected GPS).,G,"Global positioning system (GPS), Standard Positioning Service (SPS) or Precise Positioning Service (PPS)",NAD83,North American Datum of 1983,,,CST,Y,,,,,,,,,,
-91.4529916666667,33.8795055555556,AR008-335246091271101,AR008,Arkansas Natural Resources Commission,335246091271101,09S04W36AB1 DE-1 WU,05,US,United States of America,05,Arkansas,041,Desha County,93051,GW,Well,08050001,,159,1.6,N,Interpolated from Digital Elevation Model,NAVD88,North American Vertical Datum of 1988,1,Accurate to + or - .1 sec (Differentially-Corrected GPS).,G,Mapping grade GPS unit (handheld accuracy range 12 to 40 ft),NAD83,North American Datum of 1983,,,CST,Y,,,,,120,,O,,,
-91.4046083333333,33.9004638888889,AR008-335353091242101,AR008,Arkansas Natural Resources Commission,335353091242101,09S03W21CC1 DE-3 WU,05,US,United States of America,05,Arkansas,041,Desha County,93381,GW,Well,080500020101,,152,1.6,N,Interpolated from Digital Elevation Model,NAVD88,North American Vertical Datum of 1988,1,Accurate to + or - .1 sec (Differentially-Corrected GPS).,G,Mapping grade GPS unit (handheld accuracy range 12 to 40 ft),NAD83,North American Datum of 1983,,,CST,Y,,,,,90,,,,,
-91.2918138888889,33.9121333333333,AR008-335428091173901,AR008,Arkansas Natural Resources Commission,335428091173901,09S02W21AB1 DE-8 WU,05,US,United States of America,05,Arkansas,041,Desha County,93063,GW,Well,080500020102,,156,1.6,N,Interpolated from Digital Elevation Model,NAVD88,North American Vertical Datum of 1988,1,Accurate to + or - .1 sec (Differentially-Corrected GPS).,G,Mapping grade GPS unit (handheld accuracy range 12 to 40 ft),NAD83,North American Datum of 1983,,,CST,Y,,,,,110,,O,,,
-91.4055472222222,34.0980472222222,AR008-340600091240001,AR008,Arkansas Natural Resources Commission,340600091240001,07S04W12DC1 AR-2a WU,05,US,United States of America,05,Arkansas,001,Arkansas County,90060,GW,Well,080204020408,,181,4.3,N,Interpolated from Digital Elevation Model,NAVD88,North American Vertical Datum of 1988,1,Accurate to + or - .1 sec (Differentially-Corrected GPS).,G,Mapping grade GPS unit (handheld accuracy range 12 to 40 ft),NAD83,North American Datum of 1983,,,CST,Y,,110ALVM,N100MSRVVL,,135,,O,,,
-91.4466611111111,34.2978472222222,AR008-341800091265000,AR008,Arkansas Natural Resources Commission,341800091265000,04S04W33CC1 AR-76 WU,05,US,United States of America,05,Arkansas,001,Arkansas County,91425,GW,Well,080204020405,,185,4.3,N,Interpolated from Digital Elevation Model,NAVD88,North American Vertical Datum of 1988,1,Accurate to + or - .1 sec (Differentially-Corrected GPS).,G,Mapping grade GPS unit (handheld accuracy range 12 to 40 ft),NAD83,North American Datum of 1983,,,CST,Y,,,,,,,,,,
-91.6415194444445,34.3384166666667,AR008-341930091373501,AR008,Arkansas Natural Resources Commission,341930091373501,04S06W26CB1 AR-84 WU,05,US,United States of America,05,Arkansas,001,Arkansas County,90138,GW,Well,080204020307,,185,4.3,N,Interpolated from Digital Elevation Model,NAVD88,North American Vertical Datum of 1988,1,Accurate to + or - .1 sec (Differentially-Corrected GPS).,G,Mapping grade GPS unit (handheld accuracy range 12 to 40 ft),NAD83,North American Datum of 1983,,,CST,Y,,110ALVM,N100MSRVVL,U,116,,O,,,
