x,y,field_measurements_series_id,reading_type,field_visit_id,parameter_code,monitoring_location_id,observing_procedure_code,observing_procedure,value,unit_of_measure,time,qualifier,vertical_datum,approval_status,measuring_agency,last_modified,control_condition,measurement_rated,year,month,day,time_of_day,sublocation_identifier
-99.9126021190594,34.8436684875238,321920bd-50d1-4292-b61e-77b224f66c3e,ReferencePrimary,606d3da0-bee7-4937-a4a9-1d515ce98d0b,62611,USGS-345037099544401,S,"GW level, steel tape",1721.46,ft,1987-09-01,Static,NAVD88,Approved,,2026-07-25 03:00:14.344546+00:00,,,1987,9,1,,
-104.107245198597,43.8588347641216,1d682609-3a61-45a9-9e67-5ba2daae0c10,MeanGageHeight,49f42726-17e9-8397-e053-0100007fe967,00065,USGS-06392950,Z,None,6.31,ft,2009-02-18,,None,Approved,USGS,2026-07-25 02:04:10.812872+00:00,Clear,Good,2009,2,18,17:30:00+00:00,
-82.4262246125799,29.9219073153196,f0f9fd61-5b7f-4f5a-a684-c6555242b3ae,MeanGageHeight,49312ac0-c27d-8a7e-e053-0100007f3a86,00065,USGS-02321500,Z,None,10.88,ft,1992-08-05,,None,Approved,USGS,2026-09-10 12:50:27.512453+00:00,,Fair,1992,8,5,13:45:00+00:00,
-75.797991812153,39.5384457832089,d9fb6738-d0ac-4f59-9b58-2647ee1d9299,ReferencePrimary,ffc21d8d-25ff-42b2-8661-79cf01839249,62610,USGS-393218075475401,B,"GW level, analog/graphic recorder",13.37,ft,1972-08-19,Static,NGVD29,Approved,,2026-09-19 05:35:08.205186+00:00,,,1972,8,19,,
-98.2695129467038,41.7291778302689,f4b97ce0-f87e-4c39-b184-265d78ce0e67,ReferencePrimary,49e3a8de-2070-4f13-aae4-6ff30af21453,72019,USGS-414345098160901,Z,None,234.02,ft,1988-09-22,Static,Local Assumed Datum,Approved,,2026-08-02 05:35:38.283699+00:00,,,1988,9,22,,
-80.1486568015544,25.9820358746721,6b03ab61-5463-4f30-8331-8e9840df89a9,ReferencePrimary,e07b73fb-82b4-43f5-b564-f8ba3b76df98,72019,USGS-255854080085601,S,"GW level, steel tape",10.76,ft,1988-07-25,Static,Local Assumed Datum,Approved,USGS,2026-08-02 03:06:07.584197+00:00,,,1988,7,25,14:55:00+00:00,
-106.77277988756,32.2103737972625,65a2bb9e-8553-4709-b2ed-e69b48bcfbc8,ReferencePrimary,8dd84597-7a05-4f54-ace3-9b6cb546543a,62610,USGS-321237106462001,Z,None,3848.48,ft,1994-01-28,Static,NGVD29,Approved,,2026-09-03 19:30:47.292539+00:00,,,1994,1,28,,
-97.9164780791031,44.8199692809914,08aafce7-579e-4c50-b48e-3e20368a793b,ReferencePrimary,4388e98f-16e4-49ab-a6b6-79ee2c860a26,72019,USGS-444912097545801,Z,None,56.00,ft,1986-07-08,Static,Local Assumed Datum,Approved,,2026-07-11 06:07:45.052211+00:00,,,1986,7,8,,
-95.95393098488238,46.73358383954352,950bfe39-8548-411c-b77a-499850628752,ReferencePrimary,4c2eb023-3972-4112-9920-d4c0c1ae1f4f,62611,USGS-464401095571301,Z,None,1331.37,ft,1982-03-21,Static,NAVD88,Approved,,2026-08-01 15:17:37.223712+00:00,,,1982,3,21,,
-91.9481941268254,34.4448178311379,bf2fb0a6-7706-4a05-b1c3-1ca9b201b5d8,ReferencePrimary,ffada8c1-2406-4f45-b16b-9b4c4917e0fd,72019,USGS-342641091565301,S,"GW level, steel tape",26.23,ft,1962-04-04,Static,Local Assumed Datum,Approved,,2026-07-12 03:03:56.313747+00:00,,,1962,4,4,,
