baseline_id,structure,structural_deviation,source_term,source_partition,condition_state_sha256,constitutive_relation_count,initial_broken_relations,restored_relations,new_breaks,residual_broken_relations,relation_transition_count,initial_offset,residual_offset,net_offset_change,absolute_offset_change,direction,new_break_fraction,criticality,criticality_order,reference_baseline_top_entry_index,response_state_sha256,pair_correspondence,pair_js_correspondence,pair_sign_continuity,pair_active_hit,relation_balance,pair_rank_within_active_hits,nh3_mg_per_day,nh3_loading_mmol_per_day,joint_loading_mmol_per_day,condition_top_entry_index,response_top_entry_index
SB0379,dominant-hemisphere cortical language-processing structure,"loss or impairment of language comprehension, formulation, or symbolic communication",Aphasia,established_478,91c72d1a3c33607aaaec349e117f2fb50d4e713e1f19adf3de7d385216e006a0,3,0,0,1,1,1,0.19333569954598984,0.20664140389467345,0.013305704348683611,0.013305704348683611,AWAY_FROM_REFERENCE,0.3333333333333333,MODERATE,2,231,0b405ca8506441782c94066e2488a497349df4bd9a6919137cba5d46e4636165,0.2912772567388036,0.2351704350473215,0.546875,True,-1,566,0.0,0.0,0.11853769528344439,,
SB1656,dominant-hemisphere language-processing and speech-planning network,impaired motor execution of speech articulation despite preserved language formulation,Dysarthria,remaining_5256,3847ff830170f0564c8db45f8a61e5afa4ae8a3bab72cea8369bfb8f171356cd,231,104,6,9,107,15,0.16978720511102607,0.18393329456963348,0.014146089458607403,0.014146089458607403,AWAY_FROM_REFERENCE,0.03896103896103896,MINOR,1,230,5b59c28c8516fe4ae6db144433249b785f70d76b46153fc803a27daf84dcbd2c,0.2786292215209107,0.2008816725864765,0.6328125,True,-3,960,0.0,0.0,0.11853769528344439,,
SB1666,dominant-hemisphere language-processing and speech-planning network,impaired generation of written symbolic output,Dysgraphia,remaining_5256,99b61db23ef996e476217f9f6240b0c1646ed7902a78bf25c5261e8bc412c067,231,113,8,9,114,17,0.2181717192988044,0.23403829758410466,0.015866578285300248,0.015866578285300248,AWAY_FROM_REFERENCE,0.03896103896103896,MINOR,1,230,d6194a262434dd6f6931cbc0f416c1a17f03d104a424d2dec12e38368e02f2d5,0.2975043479817873,0.22390011948998456,0.6328125,True,-1,360,0.0,0.0,0.11853769528344439,,
SB1669,dominant-hemisphere language-processing and speech-planning network,impaired mapping of written symbols to language representations,Dyslexia,remaining_5256,0fe9c2ee005b9b64f3853513f73929dede19c3011686bcede380c68bd7149d05,231,129,5,7,131,12,0.23362204630323458,0.24805575421142212,0.014433707908187543,0.014433707908187543,AWAY_FROM_REFERENCE,0.030303030303030304,MINOR,1,230,128cf714f58cdc05e881e6f7dfebf77eeb2ceebe8db39c127619c76aac7caa8c,0.2917612114973376,0.22204111158211903,0.609375,True,-2,549,0.0,0.0,0.11853769528344439,,
SB1679,dominant-hemisphere language-processing and speech-planning network,"altered configuration or regulated output of the named structure, expressed as the state described by dysphasia",Dysphasia,remaining_5256,dee56dd4e0bae9bed9c3913831490c26b80969af98a40a4b7053d42f78975fcc,231,92,3,11,100,14,0.15805728467861213,0.17776341452300226,0.01970612984439013,0.01970612984439013,AWAY_FROM_REFERENCE,0.047619047619047616,MINOR,1,230,2cdb1c37316e17c0d04a51d205825db0f404eb101ae49158673bd7b6acbc826b,0.2894318246786491,0.22777509107152327,0.5703125,True,-8,624,0.0,0.0,0.11853769528344439,230,230
SB1929,dominant-hemisphere language-processing and speech-planning network,departure from the reference structural configuration or regulated functional range,Expressive language disorder,remaining_5256,b111aac0ad4ad79e76d5d9e93b63c5694123c35b29424e21ec6dc96fa0cb05b0,231,106,5,8,109,13,0.1795845592145957,0.20054230723484778,0.020957748020252076,0.020957748020252076,AWAY_FROM_REFERENCE,0.03463203463203463,MINOR,1,230,ba6dfadeae4cc21cd172f1c0b653d8f10f419faedbde59f60c372b16676d52fe,0.3007409332004298,0.22613223561028029,0.640625,True,-3,253,0.0,0.0,0.11853769528344439,230,230
SB3035,dominant-hemisphere language-processing and speech-planning network,"altered configuration or regulated output of the named structure, expressed as the state described by lack of spontaneous speech",Lack of spontaneous speech,remaining_5256,3b255f4dd481299bd4aa1a4d7562cf76d128231c77a64824f47666545091a5d0,231,87,2,11,96,13,0.15024886482652056,0.1684069471510703,0.01815808232454974,0.01815808232454974,AWAY_FROM_REFERENCE,0.047619047619047616,MINOR,1,230,f83479e016fe33c5582c7edcac1243f6238db83fda219a06873f237fd17a027b,0.2953242757683915,0.2281012509370628,0.6015625,True,-9,444,0.0,0.0,0.11853769528344439,230,230
SB3473,dominant-hemisphere language-processing and speech-planning network,"altered configuration or regulated output of the named structure, expressed as the state described by mutism",Mutism,remaining_5256,a8077661e3016703cecb6158c638c48e5847d7686077f43f609018cb2e141226,231,88,2,9,95,11,0.15740077768265603,0.1759898282132064,0.018589050530550377,0.018589050530550377,AWAY_FROM_REFERENCE,0.03896103896103896,MINOR,1,230,d953e69bfa8d38ce972d958a9b213a6c86570e5efa5c2fcd1c804fec482c9fb4,0.2825125149287952,0.2193369084497503,0.5703125,True,-7,839,0.0,0.0,0.11853769528344439,230,230
SB4329,dominant-hemisphere language-processing and speech-planning network,"altered configuration or regulated output of the named structure, expressed as the state described by pressure of speech",Pressure of speech,remaining_5256,82d4aac500825f6f07a893e0fb1dd928a440a6da3d643428cffbc9be66939513,231,84,1,15,98,16,0.16147287749336448,0.1801373220998499,0.01866444460648542,0.01866444460648542,AWAY_FROM_REFERENCE,0.06493506493506493,MINOR,1,230,a1abd01786150cdf1e5f777cd54360e1a9980c7783acda19bdd099f3dd767de2,0.2821169359485664,0.22228437310800786,0.5546875,True,-14,849,0.0,0.0,0.11853769528344439,230,230
SB4609,dominant-hemisphere language-processing and speech-planning network,"altered configuration or regulated output of the named structure, expressed as the state described by repetitive speech",Repetitive speech,remaining_5256,06b2e513a2fb743d3515d025b4ec975e28b37364670086cc933ec819c5b77496,231,88,3,8,93,11,0.1505214271372033,0.168987274758289,0.018465847621085718,0.018465847621085718,AWAY_FROM_REFERENCE,0.03463203463203463,MINOR,1,230,0a467fe9a31a08d3a33a747eac54b95e2bd2cd227a18b22565bb8169f36d68fc,0.2860099039337631,0.22360201699239401,0.5703125,True,-5,727,0.0,0.0,0.11853769528344439,230,230
SB4932,dominant-hemisphere language-processing and speech-planning network,"altered configuration or regulated output of the named structure, expressed as the state described by slow speech",Slow speech,remaining_5256,aad4c751ff0d93b0b27412098dc86f17ed0f5d5669a858b6ab5c1462bac2f3c5,231,88,3,10,95,13,0.15348978879374264,0.1709361147637205,0.01744632596997786,0.01744632596997786,AWAY_FROM_REFERENCE,0.04329004329004329,MINOR,1,230,389a9c5a226760138632cdcae82e5413d8d4156535124a1fca3dd03499b344b0,0.28253752790271586,0.22108235110087304,0.5625,True,-7,836,0.0,0.0,0.11853769528344439,,
SB4934,dominant-hemisphere language-processing and speech-planning network,"altered configuration or regulated output of the named structure, expressed as the state described by slurred speech",Slurred speech,remaining_5256,b4ab212a756039d74a9f27de08d846915aa48407434f791306321d05ebcc251a,231,88,3,10,95,13,0.15339235712854338,0.17154287435445648,0.0181505172259131,0.0181505172259131,AWAY_FROM_REFERENCE,0.04329004329004329,MINOR,1,230,da0ae9d16cb55d7ee89725472f53f73d38b9bca8f276909157125aeb67fce586,0.285030798114812,0.22240798550586838,0.5703125,True,-7,764,0.0,0.0,0.11853769528344439,230,230
SB4968,dominant-hemisphere language-processing and speech-planning network,departure from the reference structural configuration or regulated functional range,Speech disorder,remaining_5256,b111aac0ad4ad79e76d5d9e93b63c5694123c35b29424e21ec6dc96fa0cb05b0,231,106,5,8,109,13,0.1795845592145957,0.20054230723484778,0.020957748020252076,0.020957748020252076,AWAY_FROM_REFERENCE,0.03463203463203463,MINOR,1,230,a9c75041e7d4f4c241eefc78f5f59abfcfb3933f5d1ae91097e9b216a425129d,0.3007409332004298,0.22613223561028029,0.640625,True,-3,254,0.0,0.0,0.11853769528344439,230,230
SB4969,dominant-hemisphere language-processing and speech-planning network,"altered configuration or regulated output of the named structure, expressed as the state described by speech impairment",Speech impairment NOS,remaining_5256,1be45946065d54c9b9d1ebca0d5586677e86df56434cdca25b1453d8bb95c8d8,231,88,4,12,96,16,0.15523938699575002,0.17371706706283407,0.018477680067084057,0.018477680067084057,AWAY_FROM_REFERENCE,0.05194805194805195,MINOR,1,230,735905d92518e56549e372aa9b5a321dec909e434e842c9d7d9350149d0417c5,0.28249306995112344,0.22102813408673594,0.5625,True,-8,841,0.0,0.0,0.11853769528344439,230,230
SB4970,dominant-hemisphere language-processing and speech-planning network,loss or absence of the named structural component or regulated function,Speech loss,remaining_5256,e93b2286d97ca741029f30e6c8ba1c511fa7ecc92dbc7ef5430e9b929cd5936d,231,97,5,5,97,10,0.19852064933694658,0.22152712706604016,0.02300647772909359,0.02300647772909359,AWAY_FROM_REFERENCE,0.021645021645021644,MINOR,1,230,c29a7c90154daa6b7a1316b8d6773b2848c3ea38e06f371c16a7666b378fddc4,0.29228762582649026,0.22782789734937836,0.5859375,True,0,524,0.0,0.0,0.11853769528344439,230,230
SB5058,dominant-hemisphere language-processing and speech-planning network,"altered configuration or regulated output of the named structure, expressed as the state described by stuttering",Stuttering,remaining_5256,a7dedde5a36ea592dc01f66191e2fa5106aeabb3024372934931dbbb19b9fbb2,231,92,3,9,98,12,0.16147381518143966,0.1814577543540964,0.01998393917265673,0.01998393917265673,AWAY_FROM_REFERENCE,0.03896103896103896,MINOR,1,230,c8cf400130af3be9da2ff7d1813c19c8de833989a92231f22d171c55a2ce5593,0.2912039013248068,0.22650628210342294,0.5859375,True,-6,567,0.0,0.0,0.11853769528344439,230,230
SB5705,dominant-hemisphere language-processing and speech-planning network,reduced ability of the named structure/process to complete its normal regulated operation,Word finding difficulty,remaining_5256,dff2db997592b331fc38811c4fd834200cace3d8267feb359e836cd44d185bd0,231,106,6,9,109,15,0.18877534489724834,0.2131771100497195,0.024401765152471167,0.024401765152471167,AWAY_FROM_REFERENCE,0.03896103896103896,MINOR,1,230,01ce9c1597db153f599d02f6d56d1bd934bc64f06f9e4d2e1d932f6592df2ff0,0.3047240325510826,0.23441955189156416,0.625,True,-3,182,0.0,0.0,0.11853769528344439,230,230
SB0379,dominant-hemisphere cortical language-processing structure,"loss or impairment of language comprehension, formulation, or symbolic communication",Aphasia,established_478,91c72d1a3c33607aaaec349e117f2fb50d4e713e1f19adf3de7d385216e006a0,3,0,0,1,1,1,0.19333569954598984,0.20728615225165425,0.013950452705664418,0.013950452705664418,AWAY_FROM_REFERENCE,0.3333333333333333,MODERATE,2,231,558d39a997f4f18ca28b9a77182e81e9bc6b123bdbf273e77b7ab9b94e2823b2,0.3057047393380301,0.2493350479732075,0.5625,True,-1,550,0.1,0.005871811312866548,0.12440950659631093,,
SB1656,dominant-hemisphere language-processing and speech-planning network,impaired motor execution of speech articulation despite preserved language formulation,Dysarthria,remaining_5256,3847ff830170f0564c8db45f8a61e5afa4ae8a3bab72cea8369bfb8f171356cd,231,104,6,9,107,15,0.16978720511102607,0.18523115491698428,0.015443949805958201,0.015443949805958201,AWAY_FROM_REFERENCE,0.03896103896103896,MINOR,1,230,3d5c62e99078a786dee22b705714a417033170e81e1a382a08f97991153ba14a,0.2962150269420514,0.2188978987098188,0.6484375,True,-3,951,0.1,0.005871811312866548,0.12440950659631093,,
SB1666,dominant-hemisphere language-processing and speech-planning network,impaired generation of written symbolic output,Dysgraphia,remaining_5256,99b61db23ef996e476217f9f6240b0c1646ed7902a78bf25c5261e8bc412c067,231,113,8,9,114,17,0.2181717192988044,0.23530684339539176,0.01713512409658735,0.01713512409658735,AWAY_FROM_REFERENCE,0.03896103896103896,MINOR,1,230,f2631d5270550b8aa414615cdfdf9c52521829f1f3e1a01652a0f6e9ced73ef7,0.31440161924751586,0.24107666981404374,0.6484375,True,-1,273,0.1,0.005871811312866548,0.12440950659631093,,
SB1669,dominant-hemisphere language-processing and speech-planning network,impaired mapping of written symbols to language representations,Dyslexia,remaining_5256,0fe9c2ee005b9b64f3853513f73929dede19c3011686bcede380c68bd7149d05,231,129,5,7,131,12,0.23362204630323458,0.24925661372303387,0.015634567419799295,0.015634567419799295,AWAY_FROM_REFERENCE,0.030303030303030304,MINOR,1,230,79c8d3b6fe412a824afc0456f4893be33fdfb7ed652c3feb33049beb4fa3d953,0.3077412220975234,0.23809905133844322,0.625,True,-2,487,0.1,0.005871811312866548,0.12440950659631093,,
SB1679,dominant-hemisphere language-processing and speech-planning network,"altered configuration or regulated output of the named structure, expressed as the state described by dysphasia",Dysphasia,remaining_5256,dee56dd4e0bae9bed9c3913831490c26b80969af98a40a4b7053d42f78975fcc,231,92,3,11,100,14,0.15805728467861213,0.1793488800583357,0.021291595379723582,0.021291595379723582,AWAY_FROM_REFERENCE,0.047619047619047616,MINOR,1,230,eff7ec5624b2d230ca061460d04246d6e84f5b194af81abdef755cf5348d57c8,0.3087059957127204,0.247850299649659,0.5859375,True,-8,445,0.1,0.005871811312866548,0.12440950659631093,230,230
SB1929,dominant-hemisphere language-processing and speech-planning network,departure from the reference structural configuration or regulated functional range,Expressive language disorder,remaining_5256,b111aac0ad4ad79e76d5d9e93b63c5694123c35b29424e21ec6dc96fa0cb05b0,231,106,5,9,110,14,0.1795845592145957,0.20192111788250744,0.022336558667911732,0.022336558667911732,AWAY_FROM_REFERENCE,0.03896103896103896,MINOR,1,230,22fa8baa886f677d78826739e63aea77d5eff42ea0592aafe215e3faa6ce1278,0.3190552024469124,0.2450368322523322,0.65625,True,-4,178,0.1,0.005871811312866548,0.12440950659631093,230,230
SB3035,dominant-hemisphere language-processing and speech-planning network,"altered configuration or regulated output of the named structure, expressed as the state described by lack of spontaneous speech",Lack of spontaneous speech,remaining_5256,3b255f4dd481299bd4aa1a4d7562cf76d128231c77a64824f47666545091a5d0,231,87,2,11,96,13,0.15024886482652056,0.16967181207892523,0.019422947252404676,0.019422947252404676,AWAY_FROM_REFERENCE,0.047619047619047616,MINOR,1,230,61e597c843d2166b8f5025a7166cb96cb7dbb999218e3c8fd3e46610e0ee6c61,0.3129657672251137,0.24618538685989477,0.6171875,True,-9,303,0.1,0.005871811312866548,0.12440950659631093,,
SB3473,dominant-hemisphere language-processing and speech-planning network,"altered configuration or regulated output of the named structure, expressed as the state described by mutism",Mutism,remaining_5256,a8077661e3016703cecb6158c638c48e5847d7686077f43f609018cb2e141226,231,88,2,11,97,13,0.15740077768265603,0.1774131073977122,0.020012329715056176,0.020012329715056176,AWAY_FROM_REFERENCE,0.047619047619047616,MINOR,1,230,62ddc9d23b7d2466964b292583e333410947f43a80af3935179dd1e7bb866ad7,0.3011441167623662,0.23862849605166614,0.5859375,True,-9,692,0.1,0.005871811312866548,0.12440950659631093,230,230
SB4329,dominant-hemisphere language-processing and speech-planning network,"altered configuration or regulated output of the named structure, expressed as the state described by pressure of speech",Pressure of speech,remaining_5256,82d4aac500825f6f07a893e0fb1dd928a440a6da3d643428cffbc9be66939513,231,84,1,15,98,16,0.16147287749336448,0.18157696242737476,0.02010408493401028,0.02010408493401028,AWAY_FROM_REFERENCE,0.06493506493506493,MINOR,1,230,1b95ad997f7a65b4bc7ee3ba5ef5bdb2ae1e84504779f4ee9db5e4d59a73c5cc,0.301130907051784,0.24204226469729762,0.5703125,True,-14,693,0.1,0.005871811312866548,0.12440950659631093,230,230
SB4609,dominant-hemisphere language-processing and speech-planning network,"altered configuration or regulated output of the named structure, expressed as the state described by repetitive speech",Repetitive speech,remaining_5256,06b2e513a2fb743d3515d025b4ec975e28b37364670086cc933ec819c5b77496,231,88,3,9,94,12,0.1505214271372033,0.1702677309127436,0.01974630377554032,0.01974630377554032,AWAY_FROM_REFERENCE,0.03896103896103896,MINOR,1,230,2657887bddfee979f1480fd33a4b50e8ead212008dbe4b534f3c254c5533ebb6,0.3040498942832589,0.24217212717470604,0.5859375,True,-6,591,0.1,0.005871811312866548,0.12440950659631093,230,230
SB4932,dominant-hemisphere language-processing and speech-planning network,"altered configuration or regulated output of the named structure, expressed as the state described by slow speech",Slow speech,remaining_5256,aad4c751ff0d93b0b27412098dc86f17ed0f5d5669a858b6ab5c1462bac2f3c5,231,88,3,11,96,14,0.15348978879374264,0.172233832363626,0.01874404356988335,0.01874404356988335,AWAY_FROM_REFERENCE,0.047619047619047616,MINOR,1,230,06ba6b24b123c4770caef56e5d535deb08bca9362b5b8c0d7e338b8b011d4783,0.3009537785190141,0.2401113152670904,0.578125,True,-8,698,0.1,0.005871811312866548,0.12440950659631093,,
SB4934,dominant-hemisphere language-processing and speech-planning network,"altered configuration or regulated output of the named structure, expressed as the state described by slurred speech",Slurred speech,remaining_5256,b4ab212a756039d74a9f27de08d846915aa48407434f791306321d05ebcc251a,231,88,3,11,96,14,0.15339235712854338,0.17303279369204994,0.019640436563506558,0.019640436563506558,AWAY_FROM_REFERENCE,0.047619047619047616,MINOR,1,230,ae6b1a553e137776d6aac759135557a255c73adc50b0021c5bc39beb5731fdec,0.30422272274796913,0.24238289359508436,0.5859375,True,-8,582,0.1,0.005871811312866548,0.12440950659631093,230,230
SB4968,dominant-hemisphere language-processing and speech-planning network,departure from the reference structural configuration or regulated functional range,Speech disorder,remaining_5256,b111aac0ad4ad79e76d5d9e93b63c5694123c35b29424e21ec6dc96fa0cb05b0,231,106,5,9,110,14,0.1795845592145957,0.20192111788250744,0.022336558667911732,0.022336558667911732,AWAY_FROM_REFERENCE,0.03896103896103896,MINOR,1,230,e527a7df02be8ac29b0ff565f51140583df680832d5daa35f3b57473f06c5652,0.3190552024469124,0.2450368322523322,0.65625,True,-4,179,0.1,0.005871811312866548,0.12440950659631093,230,230
SB4969,dominant-hemisphere language-processing and speech-planning network,"altered configuration or regulated output of the named structure, expressed as the state described by speech impairment",Speech impairment NOS,remaining_5256,1be45946065d54c9b9d1ebca0d5586677e86df56434cdca25b1453d8bb95c8d8,231,88,4,12,96,16,0.15523938699575002,0.17514248458362258,0.019903097587872565,0.019903097587872565,AWAY_FROM_REFERENCE,0.05194805194805195,MINOR,1,230,8e1ffae1bef37aa5ed411688ec9233437ba76d3a6adcea6b7eab09f3101c9ce3,0.301498649724126,0.24077579234649515,0.578125,True,-8,689,0.1,0.005871811312866548,0.12440950659631093,230,230
SB4970,dominant-hemisphere language-processing and speech-planning network,loss or absence of the named structural component or regulated function,Speech loss,remaining_5256,e93b2286d97ca741029f30e6c8ba1c511fa7ecc92dbc7ef5430e9b929cd5936d,231,97,5,5,97,10,0.19852064933694658,0.22290415602496716,0.024383506688020584,0.024383506688020584,AWAY_FROM_REFERENCE,0.021645021645021644,MINOR,1,230,7214ab123fc60f313f60cde5498c4bc34ebd37bea789670c643e7dfc0b7af231,0.31043573793471835,0.24652986333502236,0.6015625,True,0,412,0.1,0.005871811312866548,0.12440950659631093,230,230
SB5058,dominant-hemisphere language-processing and speech-planning network,"altered configuration or regulated output of the named structure, expressed as the state described by stuttering",Stuttering,remaining_5256,a7dedde5a36ea592dc01f66191e2fa5106aeabb3024372934931dbbb19b9fbb2,231,92,3,10,99,13,0.16147381518143966,0.1829232034067828,0.021449388225343147,0.021449388225343147,AWAY_FROM_REFERENCE,0.04329004329004329,MINOR,1,230,724faa7f4fb1b89df0656885c082e3c2d3e2363ed3892840585263a13bd791be,0.3098234543025364,0.24578317597870292,0.6015625,True,-7,430,0.1,0.005871811312866548,0.12440950659631093,230,230
SB5705,dominant-hemisphere language-processing and speech-planning network,reduced ability of the named structure/process to complete its normal regulated operation,Word finding difficulty,remaining_5256,dff2db997592b331fc38811c4fd834200cace3d8267feb359e836cd44d185bd0,231,106,6,10,110,16,0.18877534489724834,0.21539568174805024,0.026620336850801896,0.026620336850801896,AWAY_FROM_REFERENCE,0.04329004329004329,MINOR,1,230,2071eef9053c762739f0dcea706fb7ba5c65f422306c20574b67803d0e681675,0.3250215204168245,0.25574270782539577,0.640625,True,-4,75,0.1,0.005871811312866548,0.12440950659631093,230,230
SB0379,dominant-hemisphere cortical language-processing structure,"loss or impairment of language comprehension, formulation, or symbolic communication",Aphasia,established_478,91c72d1a3c33607aaaec349e117f2fb50d4e713e1f19adf3de7d385216e006a0,3,0,0,1,1,1,0.19333569954598984,0.2081515998893808,0.014815900343390975,0.014815900343390975,AWAY_FROM_REFERENCE,0.3333333333333333,MODERATE,2,231,670d0ce80ffcb356f55443afc3dacf1f7b7a950029994d271c6759d1cdeb022b,0.3090366309902861,0.2533983304759587,0.5625,True,-1,607,0.25,0.01467952828216637,0.13321722356561078,,
SB1656,dominant-hemisphere language-processing and speech-planning network,impaired motor execution of speech articulation despite preserved language formulation,Dysarthria,remaining_5256,3847ff830170f0564c8db45f8a61e5afa4ae8a3bab72cea8369bfb8f171356cd,231,104,6,9,107,15,0.16978720511102607,0.18748343674926482,0.017696231638238746,0.017696231638238746,AWAY_FROM_REFERENCE,0.03896103896103896,MINOR,1,230,f19bffd6adeb6a50180d45a256f75c64d103f2793861ec40147cad061c2fd2fb,0.30207974267517923,0.22604999106729173,0.6484375,True,-3,907,0.25,0.01467952828216637,0.13321722356561078,,
SB1666,dominant-hemisphere language-processing and speech-planning network,impaired generation of written symbolic output,Dysgraphia,remaining_5256,99b61db23ef996e476217f9f6240b0c1646ed7902a78bf25c5261e8bc412c067,231,113,7,9,115,16,0.2181717192988044,0.23666068236296023,0.018488963064155817,0.018488963064155817,AWAY_FROM_REFERENCE,0.03896103896103896,MINOR,1,230,3501c6c4621e8da6c369282d93cc65d41edd88b1beae9671749f229b9e002e55,0.3204486658310208,0.24845111686709853,0.6484375,True,-2,261,0.25,0.01467952828216637,0.13321722356561078,,
SB1669,dominant-hemisphere language-processing and speech-planning network,impaired mapping of written symbols to language representations,Dyslexia,remaining_5256,0fe9c2ee005b9b64f3853513f73929dede19c3011686bcede380c68bd7149d05,231,129,5,8,132,13,0.23362204630323458,0.25052804354749036,0.016905997244255788,0.016905997244255788,AWAY_FROM_REFERENCE,0.03463203463203463,MINOR,1,230,6a6ab7a8ab1fac05219e20cde3b2175cce36cfe026bd370e47af6650a30aa26b,0.3129027973961406,0.2443936553611471,0.625,True,-3,472,0.25,0.01467952828216637,0.13321722356561078,,
SB1679,dominant-hemisphere language-processing and speech-planning network,"altered configuration or regulated output of the named structure, expressed as the state described by dysphasia",Dysphasia,remaining_5256,dee56dd4e0bae9bed9c3913831490c26b80969af98a40a4b7053d42f78975fcc,231,92,3,11,100,14,0.15805728467861213,0.181899564323317,0.023842279644704867,0.023842279644704867,AWAY_FROM_REFERENCE,0.047619047619047616,MINOR,1,230,0ce890cd8deab4ed4bd60487ee228891b201dba95a63d9c3b9c1caa5d276ce5d,0.3155327875208463,0.2561756555132272,0.5859375,True,-8,405,0.25,0.01467952828216637,0.13321722356561078,230,230
SB1929,dominant-hemisphere language-processing and speech-planning network,departure from the reference structural configuration or regulated functional range,Expressive language disorder,remaining_5256,b111aac0ad4ad79e76d5d9e93b63c5694123c35b29424e21ec6dc96fa0cb05b0,231,106,5,10,111,15,0.1795845592145957,0.2042914001292213,0.024706840914625605,0.024706840914625605,AWAY_FROM_REFERENCE,0.04329004329004329,MINOR,1,230,43643e465297c9ec4a89a99d4748deac987e06b1c4442310f55717d401b550e9,0.32506338257455164,0.25236388118847763,0.65625,True,-5,171,0.25,0.01467952828216637,0.13321722356561078,230,230
SB3035,dominant-hemisphere language-processing and speech-planning network,"altered configuration or regulated output of the named structure, expressed as the state described by lack of spontaneous speech",Lack of spontaneous speech,remaining_5256,3b255f4dd481299bd4aa1a4d7562cf76d128231c77a64824f47666545091a5d0,231,87,2,11,96,13,0.15024886482652056,0.17181231145277498,0.021563446626254423,0.021563446626254423,AWAY_FROM_REFERENCE,0.047619047619047616,MINOR,1,230,d97e66acdf672d6b4e1c96f35a9dfa8e61ee3ff4f45c8d530a3d183a70ff2666,0.318360705098401,0.2527645793882939,0.6171875,True,-9,291,0.25,0.01467952828216637,0.13321722356561078,230,230
SB3473,dominant-hemisphere language-processing and speech-planning network,"altered configuration or regulated output of the named structure, expressed as the state described by mutism",Mutism,remaining_5256,a8077661e3016703cecb6158c638c48e5847d7686077f43f609018cb2e141226,231,88,2,11,97,13,0.15740077768265603,0.17975919032235332,0.02235841263969729,0.02235841263969729,AWAY_FROM_REFERENCE,0.047619047619047616,MINOR,1,230,6bb7f07d5550239ea7f421a1f44deca5e83a8ec46f4d2c8a089804bcd27b8a99,0.307612537070724,0.24651681350088295,0.5859375,True,-9,740,0.25,0.01467952828216637,0.13321722356561078,230,230
SB4329,dominant-hemisphere language-processing and speech-planning network,"altered configuration or regulated output of the named structure, expressed as the state described by pressure of speech",Pressure of speech,remaining_5256,82d4aac500825f6f07a893e0fb1dd928a440a6da3d643428cffbc9be66939513,231,84,1,15,98,16,0.16147287749336448,0.18395665658362015,0.022483779090255673,0.022483779090255673,AWAY_FROM_REFERENCE,0.06493506493506493,MINOR,1,230,f97b39272f2f7255d048d57b6b48c0ce79d38293309766298c869ad92974c461,0.3079820233790017,0.2503972846085387,0.5703125,True,-14,725,0.25,0.01467952828216637,0.13321722356561078,230,230
SB4609,dominant-hemisphere language-processing and speech-planning network,"altered configuration or regulated output of the named structure, expressed as the state described by repetitive speech",Repetitive speech,remaining_5256,06b2e513a2fb743d3515d025b4ec975e28b37364670086cc933ec819c5b77496,231,88,3,10,95,13,0.1505214271372033,0.1724681361525101,0.02194670901530682,0.02194670901530682,AWAY_FROM_REFERENCE,0.04329004329004329,MINOR,1,230,f8a8ec08e79c7a784cf6c9b56a1d3231f50c294d65d54358a94c727bfb283c1c,0.30988091841886534,0.24928313221812848,0.5859375,True,-7,558,0.25,0.01467952828216637,0.13321722356561078,230,230
SB4932,dominant-hemisphere language-processing and speech-planning network,"altered configuration or regulated output of the named structure, expressed as the state described by slow speech",Slow speech,remaining_5256,aad4c751ff0d93b0b27412098dc86f17ed0f5d5669a858b6ab5c1462bac2f3c5,231,88,3,11,96,14,0.15348978879374264,0.1744216057643403,0.02093181697059765,0.02093181697059765,AWAY_FROM_REFERENCE,0.047619047619047616,MINOR,1,230,8cce8b80f3c958ff7ae17bb0b9f2ac7f9bde5a8cb4b44040f5c0c68ecfed6fe7,0.30721457074122893,0.247746427733206,0.578125,True,-8,748,0.25,0.01467952828216637,0.13321722356561078,,
SB4934,dominant-hemisphere language-processing and speech-planning network,"altered configuration or regulated output of the named structure, expressed as the state described by slurred speech",Slurred speech,remaining_5256,b4ab212a756039d74a9f27de08d846915aa48407434f791306321d05ebcc251a,231,88,3,11,96,14,0.15339235712854338,0.17548235973997928,0.0220900026114359,0.0220900026114359,AWAY_FROM_REFERENCE,0.047619047619047616,MINOR,1,230,d5019b399df270069b41957073f878692899be4524e7509e7056c2128826ebea,0.31103730903185145,0.25069336467298964,0.5859375,True,-8,529,0.25,0.01467952828216637,0.13321722356561078,230,230
SB4968,dominant-hemisphere language-processing and speech-planning network,departure from the reference structural configuration or regulated functional range,Speech disorder,remaining_5256,b111aac0ad4ad79e76d5d9e93b63c5694123c35b29424e21ec6dc96fa0cb05b0,231,106,5,10,111,15,0.1795845592145957,0.2042914001292213,0.024706840914625605,0.024706840914625605,AWAY_FROM_REFERENCE,0.04329004329004329,MINOR,1,230,d4698c6b49e96259ce223642f377201f03c231c88c8aae8a4e226b6ef3a69657,0.32506338257455164,0.25236388118847763,0.65625,True,-5,172,0.25,0.01467952828216637,0.13321722356561078,230,230
SB4969,dominant-hemisphere language-processing and speech-planning network,"altered configuration or regulated output of the named structure, expressed as the state described by speech impairment",Speech impairment NOS,remaining_5256,1be45946065d54c9b9d1ebca0d5586677e86df56434cdca25b1453d8bb95c8d8,231,88,4,13,97,17,0.15523938699575002,0.17755656976603296,0.02231718277028294,0.02231718277028294,AWAY_FROM_REFERENCE,0.05627705627705628,MINOR,1,230,24432749176fd97ac4fc6879c5241f792eaf6e78bd55e62478986fc1f2198fe5,0.30839098208224736,0.24918107571005776,0.578125,True,-9,622,0.25,0.01467952828216637,0.13321722356561078,230,230
SB4970,dominant-hemisphere language-processing and speech-planning network,loss or absence of the named structural component or regulated function,Speech loss,remaining_5256,e93b2286d97ca741029f30e6c8ba1c511fa7ecc92dbc7ef5430e9b929cd5936d,231,97,5,6,98,11,0.19852064933694658,0.22526613673600937,0.026745487399062795,0.026745487399062795,AWAY_FROM_REFERENCE,0.025974025974025976,MINOR,1,230,884ddb255f78818a7c9ea1c8ee4ba7a5083ae9f02ded563714e39e613d5dbca4,0.31624492467343635,0.2536142374066297,0.6015625,True,-1,381,0.25,0.01467952828216637,0.13321722356561078,230,230
SB5058,dominant-hemisphere language-processing and speech-planning network,"altered configuration or regulated output of the named structure, expressed as the state described by stuttering",Stuttering,remaining_5256,a7dedde5a36ea592dc01f66191e2fa5106aeabb3024372934931dbbb19b9fbb2,231,92,3,10,99,13,0.16147381518143966,0.18533743857876017,0.02386362339732051,0.02386362339732051,AWAY_FROM_REFERENCE,0.04329004329004329,MINOR,1,230,5b16257efd01556e47733a5e26ac413f45dca0a2c76e4d252cf620b4d40d7687,0.316202216703872,0.2535621545169171,0.6015625,True,-7,383,0.25,0.01467952828216637,0.13321722356561078,230,230
SB5705,dominant-hemisphere language-processing and speech-planning network,reduced ability of the named structure/process to complete its normal regulated operation,Word finding difficulty,remaining_5256,dff2db997592b331fc38811c4fd834200cace3d8267feb359e836cd44d185bd0,231,106,6,11,111,17,0.18877534489724834,0.21842138405356848,0.029646039156320136,0.029646039156320136,AWAY_FROM_REFERENCE,0.047619047619047616,MINOR,1,230,cedda7e8f6e5f99c3a7e7b9e4eafbc31b1b56345787f5ac0cc01abcc9677df7d,0.3353162871410636,0.2648674233427605,0.65625,True,-5,52,0.25,0.01467952828216637,0.13321722356561078,230,230
SB0379,dominant-hemisphere cortical language-processing structure,"loss or impairment of language comprehension, formulation, or symbolic communication",Aphasia,established_478,91c72d1a3c33607aaaec349e117f2fb50d4e713e1f19adf3de7d385216e006a0,3,0,0,1,1,1,0.19333569954598984,0.210579693284078,0.01724399373808816,0.01724399373808816,AWAY_FROM_REFERENCE,0.3333333333333333,MODERATE,2,231,6ac7bebb86bf0bf65ee60d29579f246aa9994cf180448735b3030fcbe21dced3,0.30823250474035824,0.25241768870775394,0.5625,True,-1,727,0.5,0.02935905656433274,0.14789675184777712,,
SB1656,dominant-hemisphere language-processing and speech-planning network,impaired motor execution of speech articulation despite preserved language formulation,Dysarthria,remaining_5256,3847ff830170f0564c8db45f8a61e5afa4ae8a3bab72cea8369bfb8f171356cd,231,104,6,12,110,18,0.16978720511102607,0.1918469072251754,0.022059702114149315,0.022059702114149315,AWAY_FROM_REFERENCE,0.05194805194805195,MINOR,1,230,d27210ec46fdaa17679f60d7cf1a52fca38d8e1567c06423e3bde7f519741875,0.3042728603808727,0.22872452485472283,0.6484375,True,-6,850,0.5,0.02935905656433274,0.14789675184777712,,
SB1666,dominant-hemisphere language-processing and speech-planning network,impaired generation of written symbolic output,Dysgraphia,remaining_5256,99b61db23ef996e476217f9f6240b0c1646ed7902a78bf25c5261e8bc412c067,231,113,7,10,116,17,0.2181717192988044,0.24039798362537623,0.02222626432657182,0.02222626432657182,AWAY_FROM_REFERENCE,0.04329004329004329,MINOR,1,230,812914f0b74574591e73e4abfdb09af3b1692259d5def7fdec2646198529ff46,0.3228039836977868,0.25132345572900827,0.6484375,True,-3,221,0.5,0.02935905656433274,0.14789675184777712,,
SB1669,dominant-hemisphere language-processing and speech-planning network,impaired mapping of written symbols to language representations,Dyslexia,remaining_5256,0fe9c2ee005b9b64f3853513f73929dede19c3011686bcede380c68bd7149d05,231,129,5,9,133,14,0.23362204630323458,0.2541857310747836,0.020563684771549018,0.020563684771549018,AWAY_FROM_REFERENCE,0.03896103896103896,MINOR,1,230,72f2e6b83e62478170385e41e545a78607c9019ef36ba7aec3c41fc47f28aa7f,0.31430982734560853,0.246109545543425,0.625,True,-4,443,0.5,0.02935905656433274,0.14789675184777712,,
SB1679,dominant-hemisphere language-processing and speech-planning network,"altered configuration or regulated output of the named structure, expressed as the state described by dysphasia",Dysphasia,remaining_5256,dee56dd4e0bae9bed9c3913831490c26b80969af98a40a4b7053d42f78975fcc,231,92,3,12,101,15,0.15805728467861213,0.1865504007239287,0.02849311604531657,0.02849311604531657,AWAY_FROM_REFERENCE,0.05194805194805195,MINOR,1,230,8ca751b7ba3911cd6908701558fb1ae74e4fe3a96f949814fd681da1dacb2533,0.3183376008233326,0.2595961595406495,0.5859375,True,-9,314,0.5,0.02935905656433274,0.14789675184777712,230,230
SB1929,dominant-hemisphere language-processing and speech-planning network,departure from the reference structural configuration or regulated functional range,Expressive language disorder,remaining_5256,b111aac0ad4ad79e76d5d9e93b63c5694123c35b29424e21ec6dc96fa0cb05b0,231,106,5,12,113,17,0.1795845592145957,0.20885084727945613,0.029266288064860424,0.029266288064860424,AWAY_FROM_REFERENCE,0.05194805194805195,MINOR,1,230,95dee6e3cb35a1a243c6e981103dccc430ce03a3bbfc1375d34977a76e84f243,0.3268835833106602,0.254583638183732,0.65625,True,-7,148,0.5,0.02935905656433274,0.14789675184777712,230,174
SB3035,dominant-hemisphere language-processing and speech-planning network,"altered configuration or regulated output of the named structure, expressed as the state described by lack of spontaneous speech",Lack of spontaneous speech,remaining_5256,3b255f4dd481299bd4aa1a4d7562cf76d128231c77a64824f47666545091a5d0,231,87,2,11,96,13,0.15024886482652056,0.17588693900663233,0.02563807418011177,0.02563807418011177,AWAY_FROM_REFERENCE,0.047619047619047616,MINOR,1,230,2fd15d49a2d7bc51b424dc31df22e13c472684fdad0ff25d8ef8ee7e3878967c,0.31972391271495654,0.25442702770116654,0.6171875,True,-9,276,0.5,0.02935905656433274,0.14789675184777712,,
SB3473,dominant-hemisphere language-processing and speech-planning network,"altered configuration or regulated output of the named structure, expressed as the state described by mutism",Mutism,remaining_5256,a8077661e3016703cecb6158c638c48e5847d7686077f43f609018cb2e141226,231,88,2,12,98,14,0.15740077768265603,0.18413567864386016,0.026734900961204122,0.026734900961204122,AWAY_FROM_REFERENCE,0.05194805194805195,MINOR,1,230,4ba5083ced3a80f052c18001cd1b78ff7fe5add4ea36f21bc8af4bcc01356c77,0.3102163978300301,0.24969225345125623,0.5859375,True,-10,669,0.5,0.02935905656433274,0.14789675184777712,230,230
SB4329,dominant-hemisphere language-processing and speech-planning network,"altered configuration or regulated output of the named structure, expressed as the state described by pressure of speech",Pressure of speech,remaining_5256,82d4aac500825f6f07a893e0fb1dd928a440a6da3d643428cffbc9be66939513,231,84,1,16,99,17,0.16147287749336448,0.18840548532861257,0.02693260783524809,0.02693260783524809,AWAY_FROM_REFERENCE,0.06926406926406926,MINOR,1,230,428f395f4604c1537b263c1161fac76bcf21e44ea722aeee3b02f9ade66b8aac,0.3109814198374492,0.254055085167621,0.5703125,True,-15,659,0.5,0.02935905656433274,0.14789675184777712,230,230
SB4609,dominant-hemisphere language-processing and speech-planning network,"altered configuration or regulated output of the named structure, expressed as the state described by repetitive speech",Repetitive speech,remaining_5256,06b2e513a2fb743d3515d025b4ec975e28b37364670086cc933ec819c5b77496,231,88,3,11,96,14,0.1505214271372033,0.17662597377342115,0.026104546636217862,0.026104546636217862,AWAY_FROM_REFERENCE,0.047619047619047616,MINOR,1,230,c8c0f389ae6cf68f44da9988e99861297bf8594e9b5608310086944a2e5bbfb0,0.3117475796334294,0.2515595483334505,0.5859375,True,-8,622,0.5,0.02935905656433274,0.14789675184777712,,
SB4932,dominant-hemisphere language-processing and speech-planning network,"altered configuration or regulated output of the named structure, expressed as the state described by slow speech",Slow speech,remaining_5256,aad4c751ff0d93b0b27412098dc86f17ed0f5d5669a858b6ab5c1462bac2f3c5,231,88,3,11,96,14,0.15348978879374264,0.17858148759897863,0.025091698805235985,0.025091698805235985,AWAY_FROM_REFERENCE,0.047619047619047616,MINOR,1,230,3472351f283231eeeec9af02723fc917ab9dd31caf48f148fe5a0bc1f437106f,0.3096080013456396,0.2506652455434629,0.578125,True,-8,694,0.5,0.02935905656433274,0.14789675184777712,,
SB4934,dominant-hemisphere language-processing and speech-planning network,"altered configuration or regulated output of the named structure, expressed as the state described by slurred speech",Slurred speech,remaining_5256,b4ab212a756039d74a9f27de08d846915aa48407434f791306321d05ebcc251a,231,88,3,11,96,14,0.15339235712854338,0.17998792433656097,0.02659556720801759,0.02659556720801759,AWAY_FROM_REFERENCE,0.047619047619047616,MINOR,1,230,9b188319e70c25eee033c77b903b3fac7f9f59e8398db540d4c1506dd580bf3b,0.31387349651436547,0.2541521298955677,0.5859375,True,-8,450,0.5,0.02935905656433274,0.14789675184777712,230,230
SB4968,dominant-hemisphere language-processing and speech-planning network,departure from the reference structural configuration or regulated functional range,Speech disorder,remaining_5256,b111aac0ad4ad79e76d5d9e93b63c5694123c35b29424e21ec6dc96fa0cb05b0,231,106,5,12,113,17,0.1795845592145957,0.20885084727945613,0.029266288064860424,0.029266288064860424,AWAY_FROM_REFERENCE,0.05194805194805195,MINOR,1,230,84bcb5ac108c2cd1f1d9a219df31e2eb2c2be34dfeaf2b799518dbb8b8e8a727,0.3268835833106602,0.254583638183732,0.65625,True,-7,149,0.5,0.02935905656433274,0.14789675184777712,230,174
SB4969,dominant-hemisphere language-processing and speech-planning network,"altered configuration or regulated output of the named structure, expressed as the state described by speech impairment",Speech impairment NOS,remaining_5256,1be45946065d54c9b9d1ebca0d5586677e86df56434cdca25b1453d8bb95c8d8,231,88,4,13,97,17,0.15523938699575002,0.18206947465893564,0.02683008766318562,0.02683008766318562,AWAY_FROM_REFERENCE,0.05627705627705628,MINOR,1,230,fcc69837ca0be62145f7388305fb08a0c0864e84f478d3aefbbb774ac0055741,0.31147196515951514,0.2529383721457502,0.578125,True,-9,646,0.5,0.02935905656433274,0.14789675184777712,230,230
SB4970,dominant-hemisphere language-processing and speech-planning network,loss or absence of the named structural component or regulated function,Speech loss,remaining_5256,e93b2286d97ca741029f30e6c8ba1c511fa7ecc92dbc7ef5430e9b929cd5936d,231,97,5,7,99,12,0.19852064933694658,0.2298192870225082,0.031298637685561626,0.031298637685561626,AWAY_FROM_REFERENCE,0.030303030303030304,MINOR,1,230,129013c4721b53982948eaf957adaca07af4e70a9292c84e1ef500521d46d08c,0.31786059727551985,0.255584569848195,0.6015625,True,-2,321,0.5,0.02935905656433274,0.14789675184777712,230,230
SB5058,dominant-hemisphere language-processing and speech-planning network,"altered configuration or regulated output of the named structure, expressed as the state described by stuttering",Stuttering,remaining_5256,a7dedde5a36ea592dc01f66191e2fa5106aeabb3024372934931dbbb19b9fbb2,231,92,3,11,100,14,0.16147381518143966,0.1898375693244314,0.02836375414299175,0.02836375414299175,AWAY_FROM_REFERENCE,0.047619047619047616,MINOR,1,230,5b770f669823d07177c0dcc354cfafc4b12ff8080ada32134f8ce53ba1fdbecf,0.31865485708325103,0.25655317936981836,0.6015625,True,-8,300,0.5,0.02935905656433274,0.14789675184777712,230,230
SB5705,dominant-hemisphere language-processing and speech-planning network,reduced ability of the named structure/process to complete its normal regulated operation,Word finding difficulty,remaining_5256,dff2db997592b331fc38811c4fd834200cace3d8267feb359e836cd44d185bd0,231,106,6,14,114,20,0.18877534489724834,0.22384903407698598,0.03507368917973763,0.03507368917973763,AWAY_FROM_REFERENCE,0.06060606060606061,MINOR,1,230,7288f1245404d92fa8059d49e6a24cb2913e62bff0871415e47f8fba45dba510,0.33849832829062987,0.2687479613300364,0.65625,True,-8,35,0.5,0.02935905656433274,0.14789675184777712,230,230
SB0379,dominant-hemisphere cortical language-processing structure,"loss or impairment of language comprehension, formulation, or symbolic communication",Aphasia,established_478,91c72d1a3c33607aaaec349e117f2fb50d4e713e1f19adf3de7d385216e006a0,3,0,0,1,1,1,0.19333569954598984,0.21779012451577184,0.024454424969782007,0.024454424969782007,AWAY_FROM_REFERENCE,0.3333333333333333,MODERATE,2,231,a49ccf8e00423659913b74f6f26d8b5add0a25d6153f42fb1b4822fa335af66b,0.3014866008479206,0.24419097664380562,0.5625,True,-1,833,1.0,0.05871811312866548,0.17725580841210986,,
SB1656,dominant-hemisphere language-processing and speech-planning network,impaired motor execution of speech articulation despite preserved language formulation,Dysarthria,remaining_5256,3847ff830170f0564c8db45f8a61e5afa4ae8a3bab72cea8369bfb8f171356cd,231,104,6,15,113,21,0.16978720511102607,0.20225985340487007,0.032472648293844,0.032472648293844,AWAY_FROM_REFERENCE,0.06493506493506493,MINOR,1,230,9dac1b94746f6278479ee2ae159d67373e2154d042fca147d0d0a3c349e4540c,0.30165824739320624,0.2255359724307393,0.6484375,True,-9,831,1.0,0.05871811312866548,0.17725580841210986,,
SB1666,dominant-hemisphere language-processing and speech-planning network,impaired generation of written symbolic output,Dysgraphia,remaining_5256,99b61db23ef996e476217f9f6240b0c1646ed7902a78bf25c5261e8bc412c067,231,113,7,11,117,18,0.2181717192988044,0.2501479708208767,0.031976251522072285,0.031976251522072285,AWAY_FROM_REFERENCE,0.047619047619047616,MINOR,1,230,4281f629d8e1d0f9a61c6445de5d7124250015620a5fada451887bd79b56b1db,0.32007190323473567,0.24799165028626302,0.6484375,True,-4,204,1.0,0.05871811312866548,0.17725580841210986,,
SB1669,dominant-hemisphere language-processing and speech-planning network,impaired mapping of written symbols to language representations,Dyslexia,remaining_5256,0fe9c2ee005b9b64f3853513f73929dede19c3011686bcede380c68bd7149d05,231,129,5,10,134,15,0.23362204630323458,0.26396816496222875,0.03034611865899417,0.03034611865899417,AWAY_FROM_REFERENCE,0.04329004329004329,MINOR,1,230,9dfc57efe8765aa63f970dc4b0fc2313b2aeadaad2cbd2a6993c2f5c23229eaa,0.3104735636583793,0.2414311751931455,0.625,True,-5,541,1.0,0.05871811312866548,0.17725580841210986,,
SB1679,dominant-hemisphere language-processing and speech-planning network,"altered configuration or regulated output of the named structure, expressed as the state described by dysphasia",Dysphasia,remaining_5256,dee56dd4e0bae9bed9c3913831490c26b80969af98a40a4b7053d42f78975fcc,231,92,3,15,104,18,0.15805728467861213,0.19712088619382395,0.03906360151521182,0.03906360151521182,AWAY_FROM_REFERENCE,0.06493506493506493,MINOR,1,230,0d31ebd49b5bde850e27b703b3d20e021e7b066caee703effa46f7890899e487,0.31585197232162987,0.2565649052702803,0.5859375,True,-12,273,1.0,0.05871811312866548,0.17725580841210986,230,230
SB1929,dominant-hemisphere language-processing and speech-planning network,departure from the reference structural configuration or regulated functional range,Expressive language disorder,remaining_5256,b111aac0ad4ad79e76d5d9e93b63c5694123c35b29424e21ec6dc96fa0cb05b0,231,106,5,18,119,23,0.1795845592145957,0.21967076326813995,0.04008620405354424,0.04008620405354424,AWAY_FROM_REFERENCE,0.07792207792207792,MINOR,1,230,c621117b11ab079d72101213e668bc75c63fe05f789566569fcd42a1478461d1,0.32303926331262084,0.24989544306417177,0.65625,True,-13,131,1.0,0.05871811312866548,0.17725580841210986,230,174
SB3035,dominant-hemisphere language-processing and speech-planning network,"altered configuration or regulated output of the named structure, expressed as the state described by lack of spontaneous speech",Lack of spontaneous speech,remaining_5256,3b255f4dd481299bd4aa1a4d7562cf76d128231c77a64824f47666545091a5d0,231,87,2,14,99,16,0.15024886482652056,0.18547621973668393,0.03522735491016338,0.03522735491016338,AWAY_FROM_REFERENCE,0.06060606060606061,MINOR,1,230,9d9a2f22ad6953bbac91c3fdfc996e17a25f05c34d969eb646d3c27e1bcf5d3f,0.31565013885015547,0.24945901079287258,0.6171875,True,-12,282,1.0,0.05871811312866548,0.17725580841210986,,
SB3473,dominant-hemisphere language-processing and speech-planning network,"altered configuration or regulated output of the named structure, expressed as the state described by mutism",Mutism,remaining_5256,a8077661e3016703cecb6158c638c48e5847d7686077f43f609018cb2e141226,231,88,2,14,100,16,0.15740077768265603,0.19428539159429548,0.03688461391163944,0.03688461391163944,AWAY_FROM_REFERENCE,0.06060606060606061,MINOR,1,230,67b0277c11f9014e727347c99abc752dd883b0d09fe0727b1bc426b6479ad886,0.30773723487564686,0.24666888399469133,0.5859375,True,-12,612,1.0,0.05871811312866548,0.17725580841210986,,
SB4329,dominant-hemisphere language-processing and speech-planning network,"altered configuration or regulated output of the named structure, expressed as the state described by pressure of speech",Pressure of speech,remaining_5256,82d4aac500825f6f07a893e0fb1dd928a440a6da3d643428cffbc9be66939513,231,84,1,17,100,18,0.16147287749336448,0.19876370311009783,0.03729082561673336,0.03729082561673336,AWAY_FROM_REFERENCE,0.0735930735930736,MINOR,1,230,cb9843a48c6e1c60f51d3310a6ae34ad4bf0ecfec74336b66f5c47b156e57539,0.3089179501376813,0.25153865870448944,0.5703125,True,-16,584,1.0,0.05871811312866548,0.17725580841210986,,
SB4609,dominant-hemisphere language-processing and speech-planning network,"altered configuration or regulated output of the named structure, expressed as the state described by repetitive speech",Repetitive speech,remaining_5256,06b2e513a2fb743d3515d025b4ec975e28b37364670086cc933ec819c5b77496,231,88,3,13,98,16,0.1505214271372033,0.1863370312390431,0.035815604101839815,0.035815604101839815,AWAY_FROM_REFERENCE,0.05627705627705628,MINOR,1,230,1bdf39cc83bd11eabf7d1bf38fc8084cf7e6664e614385bd437535142b64c787,0.30832028274550083,0.24737991798231806,0.5859375,True,-10,599,1.0,0.05871811312866548,0.17725580841210986,,
SB4932,dominant-hemisphere language-processing and speech-planning network,"altered configuration or regulated output of the named structure, expressed as the state described by slow speech",Slow speech,remaining_5256,aad4c751ff0d93b0b27412098dc86f17ed0f5d5669a858b6ab5c1462bac2f3c5,231,88,3,14,99,17,0.15348978879374264,0.18822670587514334,0.0347369170814007,0.0347369170814007,AWAY_FROM_REFERENCE,0.06060606060606061,MINOR,1,230,282d7c724ceb617a16be81f449eed79777ec21e1f6a17c1423a905e7d87e2fd6,0.30690058513167284,0.24736351845325955,0.578125,True,-11,651,1.0,0.05871811312866548,0.17725580841210986,,
SB4934,dominant-hemisphere language-processing and speech-planning network,"altered configuration or regulated output of the named structure, expressed as the state described by slurred speech",Slurred speech,remaining_5256,b4ab212a756039d74a9f27de08d846915aa48407434f791306321d05ebcc251a,231,88,3,13,98,16,0.15339235712854338,0.19020753531485213,0.03681517818630875,0.03681517818630875,AWAY_FROM_REFERENCE,0.05627705627705628,MINOR,1,230,7659eed42fc6ce6d53fc36029c7b447f82cdb53e8a57f2e98908404665ba22dc,0.31151033041975457,0.25127022002409094,0.5859375,True,-10,420,1.0,0.05871811312866548,0.17725580841210986,,
SB4968,dominant-hemisphere language-processing and speech-planning network,departure from the reference structural configuration or regulated functional range,Speech disorder,remaining_5256,b111aac0ad4ad79e76d5d9e93b63c5694123c35b29424e21ec6dc96fa0cb05b0,231,106,5,18,119,23,0.1795845592145957,0.21967076326813995,0.04008620405354424,0.04008620405354424,AWAY_FROM_REFERENCE,0.07792207792207792,MINOR,1,230,5aa3aced699fedf736bf88fa367b74d998148c47894892ca1980d53bc649a044,0.32303926331262084,0.24989544306417177,0.65625,True,-13,132,1.0,0.05871811312866548,0.17725580841210986,230,174
SB4969,dominant-hemisphere language-processing and speech-planning network,"altered configuration or regulated output of the named structure, expressed as the state described by speech impairment",Speech impairment NOS,remaining_5256,1be45946065d54c9b9d1ebca0d5586677e86df56434cdca25b1453d8bb95c8d8,231,88,4,15,99,19,0.15523938699575002,0.1925644058808993,0.037325018885149275,0.037325018885149275,AWAY_FROM_REFERENCE,0.06493506493506493,MINOR,1,230,f388f76ea5d187b9fd2746f5995b4e3e27f38b63d2ee2abe1dbbce8446368d7a,0.3095385297176123,0.2505805240458687,0.578125,True,-11,566,1.0,0.05871811312866548,0.17725580841210986,,
SB4970,dominant-hemisphere language-processing and speech-planning network,loss or absence of the named structural component or regulated function,Speech loss,remaining_5256,e93b2286d97ca741029f30e6c8ba1c511fa7ecc92dbc7ef5430e9b929cd5936d,231,97,5,9,101,14,0.19852064933694658,0.2408060113242212,0.04228536198727462,0.04228536198727462,AWAY_FROM_REFERENCE,0.03896103896103896,MINOR,1,230,f1fbd510410f948a76f8283b6d5d0837b23e2efe9447105c759f7d8f44c15b36,0.31380835487751113,0.2506428108262331,0.6015625,True,-4,318,1.0,0.05871811312866548,0.17725580841210986,230,230
SB5058,dominant-hemisphere language-processing and speech-planning network,"altered configuration or regulated output of the named structure, expressed as the state described by stuttering",Stuttering,remaining_5256,a7dedde5a36ea592dc01f66191e2fa5106aeabb3024372934931dbbb19b9fbb2,231,92,3,14,103,17,0.16147381518143966,0.20026990060284722,0.038796085421407556,0.038796085421407556,AWAY_FROM_REFERENCE,0.06060606060606061,MINOR,1,230,c35a441a6511744ae716e14154bf249d1dff6f4983ccb8d4d8765dd2758b980d,0.3158966071671928,0.2531894599599912,0.6015625,True,-11,272,1.0,0.05871811312866548,0.17725580841210986,230,230
SB5705,dominant-hemisphere language-processing and speech-planning network,reduced ability of the named structure/process to complete its normal regulated operation,Word finding difficulty,remaining_5256,dff2db997592b331fc38811c4fd834200cace3d8267feb359e836cd44d185bd0,231,106,6,15,115,21,0.18877534489724834,0.23542487505268905,0.04664953015544071,0.04664953015544071,AWAY_FROM_REFERENCE,0.06493506493506493,MINOR,1,230,ceecd4b92ebd5185c505b5031416bdca2eb6dcc4aa3eb238b26049e543d9f30b,0.33600375385926695,0.26570579738934996,0.65625,True,-9,28,1.0,0.05871811312866548,0.17725580841210986,230,230
SB0379,dominant-hemisphere cortical language-processing structure,"loss or impairment of language comprehension, formulation, or symbolic communication",Aphasia,established_478,91c72d1a3c33607aaaec349e117f2fb50d4e713e1f19adf3de7d385216e006a0,3,0,0,1,1,1,0.19333569954598984,0.23515218117452164,0.0418164816285318,0.0418164816285318,AWAY_FROM_REFERENCE,0.3333333333333333,MODERATE,2,231,1bbe9114fc9ca2bf62e51afc1121a63fee38240982e432188e0e29502f3bc9cc,0.28675522972970946,0.22622588991427983,0.5625,True,-1,943,2.0,0.11743622625733097,0.23597392154077534,,
SB1656,dominant-hemisphere language-processing and speech-planning network,impaired motor execution of speech articulation despite preserved language formulation,Dysarthria,remaining_5256,3847ff830170f0564c8db45f8a61e5afa4ae8a3bab72cea8369bfb8f171356cd,231,104,7,17,114,24,0.16978720511102607,0.2270210203729064,0.057233815261880316,0.057233815261880316,AWAY_FROM_REFERENCE,0.0735930735930736,MINOR,1,230,9d4b84433dfd1781ad828eafcb79308a2e5d66d9925370ba8ae7e21d45b59b20,0.29205851603471455,0.21382898296916408,0.6484375,True,-10,768,2.0,0.11743622625733097,0.23597392154077534,,
SB1666,dominant-hemisphere language-processing and speech-planning network,impaired generation of written symbolic output,Dysgraphia,remaining_5256,99b61db23ef996e476217f9f6240b0c1646ed7902a78bf25c5261e8bc412c067,231,113,7,13,119,20,0.2181717192988044,0.27465915481951264,0.05648743552070823,0.05648743552070823,AWAY_FROM_REFERENCE,0.05627705627705628,MINOR,1,230,e90f3d71185ab2ec3f2a2a8ae9319e97db4da7f6dc1804346acac4a14469b300,0.30975130490580116,0.23540555476317215,0.6484375,True,-6,137,2.0,0.11743622625733097,0.23597392154077534,,
SB1669,dominant-hemisphere language-processing and speech-planning network,impaired mapping of written symbols to language representations,Dyslexia,remaining_5256,0fe9c2ee005b9b64f3853513f73929dede19c3011686bcede380c68bd7149d05,231,129,8,13,134,21,0.23362204630323458,0.28956229072028106,0.05594024441704648,0.05594024441704648,AWAY_FROM_REFERENCE,0.05627705627705628,MINOR,1,230,f0791574a3892abcdfacf967ce02a93aee0991afee1fe01f0903a6ed6388f861,0.2990759267760147,0.22753161801953015,0.625,True,-5,534,2.0,0.11743622625733097,0.23597392154077534,,
SB1679,dominant-hemisphere language-processing and speech-planning network,"altered configuration or regulated output of the named structure, expressed as the state described by dysphasia",Dysphasia,remaining_5256,dee56dd4e0bae9bed9c3913831490c26b80969af98a40a4b7053d42f78975fcc,231,92,3,17,106,20,0.15805728467861213,0.22159984282289225,0.06354255814428011,0.06354255814428011,AWAY_FROM_REFERENCE,0.0735930735930736,MINOR,1,230,d2f39432a443969bc37009bba9a68d0bcc4cc9b5258d6d6e0e23e6890d21f585,0.30552968958740534,0.2439767555943968,0.5859375,True,-14,223,2.0,0.11743622625733097,0.23597392154077534,,
SB1929,dominant-hemisphere language-processing and speech-planning network,departure from the reference structural configuration or regulated functional range,Expressive language disorder,remaining_5256,b111aac0ad4ad79e76d5d9e93b63c5694123c35b29424e21ec6dc96fa0cb05b0,231,106,8,18,116,26,0.1795845592145957,0.24637162286698755,0.06678706365239184,0.06678706365239184,AWAY_FROM_REFERENCE,0.07792207792207792,MINOR,1,230,780317bbc16b593aee10f0e21a2b53b7fd3f059c5daeee097b139934ef20e16d,0.3111167098194509,0.2353557436822572,0.65625,True,-10,119,2.0,0.11743622625733097,0.23597392154077534,230,174
SB3035,dominant-hemisphere language-processing and speech-planning network,"altered configuration or regulated output of the named structure, expressed as the state described by lack of spontaneous speech",Lack of spontaneous speech,remaining_5256,3b255f4dd481299bd4aa1a4d7562cf76d128231c77a64824f47666545091a5d0,231,87,2,16,101,18,0.15024886482652056,0.20901582545888975,0.05876696063236919,0.05876696063236919,AWAY_FROM_REFERENCE,0.06926406926406926,MINOR,1,230,a8ca50bf37423d37ab6e51b724fee5c7cbf9fc72338bbe57679a49adc99522c4,0.30385438513360497,0.23507394528488412,0.6171875,True,-14,258,2.0,0.11743622625733097,0.23597392154077534,,
SB3473,dominant-hemisphere language-processing and speech-planning network,"altered configuration or regulated output of the named structure, expressed as the state described by mutism",Mutism,remaining_5256,a8077661e3016703cecb6158c638c48e5847d7686077f43f609018cb2e141226,231,88,2,16,102,18,0.15740077768265603,0.21822822258209906,0.06082744489944303,0.06082744489944303,AWAY_FROM_REFERENCE,0.06926406926406926,MINOR,1,230,89cbcc09f988ee84051ba01225be3e2fb5fb45cc03d84182c89aa94b23a2605c,0.2977402484521877,0.23447743713681435,0.5859375,True,-14,570,2.0,0.11743622625733097,0.23597392154077534,,
SB4329,dominant-hemisphere language-processing and speech-planning network,"altered configuration or regulated output of the named structure, expressed as the state described by pressure of speech",Pressure of speech,remaining_5256,82d4aac500825f6f07a893e0fb1dd928a440a6da3d643428cffbc9be66939513,231,84,1,17,100,18,0.16147287749336448,0.22268882910639098,0.06121595161302651,0.06121595161302651,AWAY_FROM_REFERENCE,0.0735930735930736,MINOR,1,230,ba07fb5555001edd8bcc0c35812714f921cbe510b9670eeac942977efa348f28,0.2992609111257127,0.23976178186062524,0.5703125,True,-16,528,2.0,0.11743622625733097,0.23597392154077534,,
SB4609,dominant-hemisphere language-processing and speech-planning network,"altered configuration or regulated output of the named structure, expressed as the state described by repetitive speech",Repetitive speech,remaining_5256,06b2e513a2fb743d3515d025b4ec975e28b37364670086cc933ec819c5b77496,231,88,3,15,100,18,0.1505214271372033,0.2100619731809643,0.05954054604376102,0.05954054604376102,AWAY_FROM_REFERENCE,0.06493506493506493,MINOR,1,230,b01a66c6b11b77f67e9f7d497705442bbc499add65271219e9fab0b47a46a6b9,0.2972505447858784,0.2338802375437542,0.5859375,True,-12,583,2.0,0.11743622625733097,0.23597392154077534,,
SB4932,dominant-hemisphere language-processing and speech-planning network,"altered configuration or regulated output of the named structure, expressed as the state described by slow speech",Slow speech,remaining_5256,aad4c751ff0d93b0b27412098dc86f17ed0f5d5669a858b6ab5c1462bac2f3c5,231,88,3,15,100,18,0.15348978879374264,0.21147822331231014,0.0579884345185675,0.0579884345185675,AWAY_FROM_REFERENCE,0.06493506493506493,MINOR,1,230,773da980e49a72e0ebd2fede1d62ba00280fd449fb6514faec1ea3954922e92f,0.29669761216404655,0.23492086849273974,0.578125,True,-12,599,2.0,0.11743622625733097,0.23597392154077534,,
SB4934,dominant-hemisphere language-processing and speech-planning network,"altered configuration or regulated output of the named structure, expressed as the state described by slurred speech",Slurred speech,remaining_5256,b4ab212a756039d74a9f27de08d846915aa48407434f791306321d05ebcc251a,231,88,3,15,100,18,0.15339235712854338,0.2146126652901158,0.06122030816157242,0.06122030816157242,AWAY_FROM_REFERENCE,0.06493506493506493,MINOR,1,230,5ef869fc4235c81b56fe23a129374e0a752b3feee62e0ae0ee159e0149ad7ca9,0.30146568863854684,0.2390206568762766,0.5859375,True,-12,459,2.0,0.11743622625733097,0.23597392154077534,,
SB4968,dominant-hemisphere language-processing and speech-planning network,departure from the reference structural configuration or regulated functional range,Speech disorder,remaining_5256,b111aac0ad4ad79e76d5d9e93b63c5694123c35b29424e21ec6dc96fa0cb05b0,231,106,8,18,116,26,0.1795845592145957,0.24637162286698755,0.06678706365239184,0.06678706365239184,AWAY_FROM_REFERENCE,0.07792207792207792,MINOR,1,230,6eebc25f733d9464cf65637ff2c701dd47b22b0b103c02e6bd74f75140f4ccd0,0.3111167098194509,0.2353557436822572,0.65625,True,-10,120,2.0,0.11743622625733097,0.23597392154077534,230,174
SB4969,dominant-hemisphere language-processing and speech-planning network,"altered configuration or regulated output of the named structure, expressed as the state described by speech impairment",Speech impairment NOS,remaining_5256,1be45946065d54c9b9d1ebca0d5586677e86df56434cdca25b1453d8bb95c8d8,231,88,4,16,100,20,0.15523938699575002,0.21693759935889467,0.061698212363144656,0.061698212363144656,AWAY_FROM_REFERENCE,0.06926406926406926,MINOR,1,230,da3fa0018f70553001be33fcf2b50ba222aa9daaad1319dd1525a54057c9e02c,0.30003746976983003,0.23899386557296343,0.578125,True,-12,498,2.0,0.11743622625733097,0.23597392154077534,,
SB4970,dominant-hemisphere language-processing and speech-planning network,loss or absence of the named structural component or regulated function,Speech loss,remaining_5256,e93b2286d97ca741029f30e6c8ba1c511fa7ecc92dbc7ef5430e9b929cd5936d,231,97,5,17,109,22,0.19852064933694658,0.26591900429197346,0.06739835495502688,0.06739835495502688,AWAY_FROM_REFERENCE,0.0735930735930736,MINOR,1,230,d232f4ff7d22baac799f178f54b92d4e2e074904cbd97829f26cbe42a03362ec,0.3017301828219867,0.2359133327097399,0.6015625,True,-12,451,2.0,0.11743622625733097,0.23597392154077534,230,230
SB5058,dominant-hemisphere language-processing and speech-planning network,"altered configuration or regulated output of the named structure, expressed as the state described by stuttering",Stuttering,remaining_5256,a7dedde5a36ea592dc01f66191e2fa5106aeabb3024372934931dbbb19b9fbb2,231,92,3,14,103,17,0.16147381518143966,0.22474782527856974,0.06327401009713007,0.06327401009713007,AWAY_FROM_REFERENCE,0.06060606060606061,MINOR,1,230,be78644167f2394f974586f662fef00cc2f4f15bbb8e47565d96883dd018f644,0.3054491114916763,0.24044861157521502,0.6015625,True,-11,224,2.0,0.11743622625733097,0.23597392154077534,,
SB5705,dominant-hemisphere language-processing and speech-planning network,reduced ability of the named structure/process to complete its normal regulated operation,Word finding difficulty,remaining_5256,dff2db997592b331fc38811c4fd834200cace3d8267feb359e836cd44d185bd0,231,106,7,21,120,28,0.18877534489724834,0.25981188707114244,0.0710365421738941,0.0710365421738941,AWAY_FROM_REFERENCE,0.09090909090909091,MINOR,1,230,c6f6264e122319ba87a205815c64c9539d8cf2501975c8651a9fc34e80d329c7,0.32512488996369926,0.2524388901996333,0.65625,True,-14,27,2.0,0.11743622625733097,0.23597392154077534,230,230
SB0379,dominant-hemisphere cortical language-processing structure,"loss or impairment of language comprehension, formulation, or symbolic communication",Aphasia,established_478,91c72d1a3c33607aaaec349e117f2fb50d4e713e1f19adf3de7d385216e006a0,3,0,0,1,1,1,0.19333569954598984,0.3086157175154419,0.11528001796945209,0.11528001796945209,AWAY_FROM_REFERENCE,0.3333333333333333,MODERATE,2,231,cb4e5ff7ff96cf5abbf545c9c8d931a77ca6931d870ef44617f4d8d0456972a6,0.25686295670930537,0.1897718984259822,0.5625,True,-1,1019,5.0,0.2935905656433274,0.4121282609267718,,
SB1656,dominant-hemisphere language-processing and speech-planning network,impaired motor execution of speech articulation despite preserved language formulation,Dysarthria,remaining_5256,3847ff830170f0564c8db45f8a61e5afa4ae8a3bab72cea8369bfb8f171356cd,231,104,10,25,119,35,0.16978720511102607,0.3215811294433861,0.15179392433236005,0.15179392433236005,AWAY_FROM_REFERENCE,0.10822510822510822,MINOR,1,230,e1309ea6e35d60ff79a3c4e047ba2c8b1cab32f668f1d574fdfc8e86ca601e8b,0.26944846640817355,0.1862557517172848,0.6484375,True,-15,590,5.0,0.2935905656433274,0.4121282609267718,,
SB1666,dominant-hemisphere language-processing and speech-planning network,impaired generation of written symbolic output,Dysgraphia,remaining_5256,99b61db23ef996e476217f9f6240b0c1646ed7902a78bf25c5261e8bc412c067,231,113,8,20,125,28,0.2181717192988044,0.36859627467176614,0.15042455537296173,0.15042455537296173,AWAY_FROM_REFERENCE,0.08658008658008658,MINOR,1,230,801964c3c39892d600452e49d29e3307435d11feca7c13467c836aa0b97f6706,0.28513828338237884,0.20538967485655957,0.6484375,True,-12,104,5.0,0.2935905656433274,0.4121282609267718,,
SB1669,dominant-hemisphere language-processing and speech-planning network,impaired mapping of written symbols to language representations,Dyslexia,remaining_5256,0fe9c2ee005b9b64f3853513f73929dede19c3011686bcede380c68bd7149d05,231,129,9,13,133,22,0.23362204630323458,0.38103854588122354,0.14741649957798897,0.14741649957798897,AWAY_FROM_REFERENCE,0.05627705627705628,MINOR,1,230,656432a8aaefa09be6445c28938b483a68bae01ed72156266a63137b9242f8af,0.27346248170613663,0.19629570939772767,0.625,True,-4,446,5.0,0.2935905656433274,0.4121282609267718,,
SB1679,dominant-hemisphere language-processing and speech-planning network,"altered configuration or regulated output of the named structure, expressed as the state described by dysphasia",Dysphasia,remaining_5256,dee56dd4e0bae9bed9c3913831490c26b80969af98a40a4b7053d42f78975fcc,231,92,5,23,110,28,0.15805728467861213,0.3058482109793843,0.14779092630077217,0.14779092630077217,AWAY_FROM_REFERENCE,0.09956709956709957,MINOR,1,230,670f4b33b0db14974995aaf21be7855058ac08ba1c62c26a86aa4d8524e68998,0.2805609069086128,0.21352702062025952,0.5859375,True,-18,161,5.0,0.2935905656433274,0.4121282609267718,,
SB1929,dominant-hemisphere language-processing and speech-planning network,departure from the reference structural configuration or regulated functional range,Expressive language disorder,remaining_5256,b111aac0ad4ad79e76d5d9e93b63c5694123c35b29424e21ec6dc96fa0cb05b0,231,106,9,20,117,29,0.1795845592145957,0.33605218515488444,0.15646762594028873,0.15646762594028873,AWAY_FROM_REFERENCE,0.08658008658008658,MINOR,1,230,43e8d1881476c4ccafa55c7c5821145e5e94824d21883c060b9d60d04b118f70,0.28419424815319777,0.20252347335755827,0.65625,True,-11,114,5.0,0.2935905656433274,0.4121282609267718,,
SB3035,dominant-hemisphere language-processing and speech-planning network,"altered configuration or regulated output of the named structure, expressed as the state described by lack of spontaneous speech",Lack of spontaneous speech,remaining_5256,3b255f4dd481299bd4aa1a4d7562cf76d128231c77a64824f47666545091a5d0,231,87,3,24,108,27,0.15024886482652056,0.2954207758191316,0.14517191099261106,0.14517191099261106,AWAY_FROM_REFERENCE,0.1038961038961039,MINOR,1,230,9d3d6bb33eda78cbd752b167849cfb6e21cf7c7e853d679417063fed045f0af3,0.27752239200168094,0.2029617585386353,0.6171875,True,-21,324,5.0,0.2935905656433274,0.4121282609267718,,
SB3473,dominant-hemisphere language-processing and speech-planning network,"altered configuration or regulated output of the named structure, expressed as the state described by mutism",Mutism,remaining_5256,a8077661e3016703cecb6158c638c48e5847d7686077f43f609018cb2e141226,231,88,6,24,106,30,0.15740077768265603,0.3018325065351032,0.14443172885244715,0.14443172885244715,AWAY_FROM_REFERENCE,0.1038961038961039,MINOR,1,230,62d4b1619a41acf645678c3aa95d7884030f2111f58b51c72c786d870ceb562a,0.27361790231418925,0.20505994184657228,0.5859375,True,-18,444,5.0,0.2935905656433274,0.4121282609267718,,
SB4329,dominant-hemisphere language-processing and speech-planning network,"altered configuration or regulated output of the named structure, expressed as the state described by pressure of speech",Pressure of speech,remaining_5256,82d4aac500825f6f07a893e0fb1dd928a440a6da3d643428cffbc9be66939513,231,84,5,27,106,32,0.16147287749336448,0.30796719610795,0.1464943186145855,0.1464943186145855,AWAY_FROM_REFERENCE,0.11688311688311688,MINOR,1,230,cc7521cff3adf395ee4bcaa7ecfbfe1d920ad47aff98767fffaff2f199382177,0.27537227105578893,0.21062929397047436,0.5703125,True,-22,401,5.0,0.2935905656433274,0.4121282609267718,,
SB4609,dominant-hemisphere language-processing and speech-planning network,"altered configuration or regulated output of the named structure, expressed as the state described by repetitive speech",Repetitive speech,remaining_5256,06b2e513a2fb743d3515d025b4ec975e28b37364670086cc933ec819c5b77496,231,88,7,24,105,31,0.1505214271372033,0.29450220597534893,0.14398077883814564,0.14398077883814564,AWAY_FROM_REFERENCE,0.1038961038961039,MINOR,1,230,d22d4e80f2d236628d7697dde01adf30fe0cbeaf1fa4a857a857ff868472529d,0.27178942708617954,0.20283009400753604,0.5859375,True,-17,511,5.0,0.2935905656433274,0.4121282609267718,,
SB4932,dominant-hemisphere language-processing and speech-planning network,"altered configuration or regulated output of the named structure, expressed as the state described by slow speech",Slow speech,remaining_5256,aad4c751ff0d93b0b27412098dc86f17ed0f5d5669a858b6ab5c1462bac2f3c5,231,88,7,24,105,31,0.15348978879374264,0.3000932083616772,0.14660341956793455,0.14660341956793455,AWAY_FROM_REFERENCE,0.1038961038961039,MINOR,1,230,0b2608a64ccf5bb82901a9aea9c6d8b767ac95660afa95a2e77d32c73da0adbe,0.2723994240666784,0.20528893178863217,0.578125,True,-17,493,5.0,0.2935905656433274,0.4121282609267718,,
SB4934,dominant-hemisphere language-processing and speech-planning network,"altered configuration or regulated output of the named structure, expressed as the state described by slurred speech",Slurred speech,remaining_5256,b4ab212a756039d74a9f27de08d846915aa48407434f791306321d05ebcc251a,231,88,7,24,105,31,0.15339235712854338,0.30033061886914203,0.14693826174059865,0.14693826174059865,AWAY_FROM_REFERENCE,0.1038961038961039,MINOR,1,230,131775db5b0da3420575361937925ed2db3584ac166a644342c5aee9b2bbdade,0.2771089279837513,0.20931729022408696,0.5859375,True,-17,338,5.0,0.2935905656433274,0.4121282609267718,,
SB4968,dominant-hemisphere language-processing and speech-planning network,departure from the reference structural configuration or regulated functional range,Speech disorder,remaining_5256,b111aac0ad4ad79e76d5d9e93b63c5694123c35b29424e21ec6dc96fa0cb05b0,231,106,9,20,117,29,0.1795845592145957,0.33605218515488444,0.15646762594028873,0.15646762594028873,AWAY_FROM_REFERENCE,0.08658008658008658,MINOR,1,230,75ed95f1d1d2869a5c9bf27ef2cf84682d6c3784ce6f4c68edc5b408158856d3,0.28419424815319777,0.20252347335755827,0.65625,True,-11,115,5.0,0.2935905656433274,0.4121282609267718,,
SB4969,dominant-hemisphere language-processing and speech-planning network,"altered configuration or regulated output of the named structure, expressed as the state described by speech impairment",Speech impairment NOS,remaining_5256,1be45946065d54c9b9d1ebca0d5586677e86df56434cdca25b1453d8bb95c8d8,231,88,7,21,102,28,0.15523938699575002,0.30158338146091723,0.14634399446516722,0.14634399446516722,AWAY_FROM_REFERENCE,0.09090909090909091,MINOR,1,230,488cc02661731ee8dacd067accfb90698635a082c13728da9f63fe0d38dfe269,0.27633479041435915,0.21008815904190137,0.578125,True,-14,363,5.0,0.2935905656433274,0.4121282609267718,,
SB4970,dominant-hemisphere language-processing and speech-planning network,loss or absence of the named structural component or regulated function,Speech loss,remaining_5256,e93b2286d97ca741029f30e6c8ba1c511fa7ecc92dbc7ef5430e9b929cd5936d,231,97,5,25,117,30,0.19852064933694658,0.3471523081529436,0.14863165881599705,0.14863165881599705,AWAY_FROM_REFERENCE,0.10822510822510822,MINOR,1,230,e3c400fbad6ee34a1bced6376c234d42e430f85c38240a242b72f58c2dd93d3b,0.2747458034456063,0.2030055529824467,0.6015625,True,-20,422,5.0,0.2935905656433274,0.4121282609267718,,
SB5058,dominant-hemisphere language-processing and speech-planning network,"altered configuration or regulated output of the named structure, expressed as the state described by stuttering",Stuttering,remaining_5256,a7dedde5a36ea592dc01f66191e2fa5106aeabb3024372934931dbbb19b9fbb2,231,92,7,21,106,28,0.16147381518143966,0.30971281051929944,0.14823899533785978,0.14823899533785978,AWAY_FROM_REFERENCE,0.09090909090909091,MINOR,1,230,82d765bcff3ebe7b8fcdbb4429f830d261818f8386921e5477083baa3ac38af9,0.28053018205762625,0.2100596732410076,0.6015625,True,-14,163,5.0,0.2935905656433274,0.4121282609267718,,
SB5705,dominant-hemisphere language-processing and speech-planning network,reduced ability of the named structure/process to complete its normal regulated operation,Word finding difficulty,remaining_5256,dff2db997592b331fc38811c4fd834200cace3d8267feb359e836cd44d185bd0,231,106,7,28,127,35,0.18877534489724834,0.34358526365616515,0.1548099187589168,0.1548099187589168,AWAY_FROM_REFERENCE,0.12121212121212122,MINOR,1,230,c3c4dcb6e7c03dc6190d011322528137d9738b848d7c7a28384f90832a423199,0.29887406939081407,0.22042569437904158,0.65625,True,-21,13,5.0,0.2935905656433274,0.4121282609267718,,
